id,prediction
train_00000.jpeg,albopictus
train_00001.jpeg,albopictus
train_00002.jpeg,albopictus
train_00003.jpeg,albopictus
train_00004.jpeg,culex
train_00005.jpeg,albopictus
train_00006.jpeg,albopictus
train_00007.jpeg,albopictus
train_00008.jpeg,albopictus
train_00009.jpeg,albopictus
train_00010.jpeg,albopictus
train_00011.jpeg,culex
train_00012.jpeg,culex
train_00013.jpeg,albopictus
train_00014.jpeg,culex
train_00015.jpeg,albopictus
train_00016.jpeg,albopictus
train_00017.jpeg,culex
train_00018.jpeg,culex
train_00019.jpeg,culex
train_00020.jpeg,albopictus
train_00021.jpeg,albopictus
train_00022.jpeg,culex
train_00023.jpeg,culex
train_00024.jpeg,culex
train_00025.jpeg,albopictus
train_00026.jpeg,culex
train_00027.jpeg,culex
train_00028.jpeg,culex
train_00029.jpeg,albopictus
train_00030.jpeg,culex
train_00031.jpeg,culex
train_00032.jpeg,albopictus
train_00033.jpeg,albopictus
train_00034.jpeg,albopictus
train_00035.jpeg,culex
train_00036.jpeg,albopictus
train_00037.jpeg,culex
train_00038.jpeg,culex
train_00039.jpeg,albopictus
train_00040.jpeg,albopictus
train_00041.jpeg,culex
train_00042.jpeg,albopictus
train_00043.jpeg,albopictus
train_00044.jpeg,culex
train_00045.jpeg,culex
train_00046.jpeg,culex
train_00047.jpeg,albopictus
train_00048.jpeg,albopictus
train_00049.jpeg,culex
train_00050.jpeg,culiseta
train_00051.jpeg,albopictus
train_00052.jpeg,albopictus
train_00053.jpeg,culiseta
train_00054.jpeg,culex
train_00055.jpeg,culex
train_00056.jpeg,culex
train_00057.jpeg,culex
train_00058.jpeg,culex
train_00059.jpeg,culex
train_00060.jpeg,culex
train_00061.jpeg,culex
train_00062.jpeg,culex
train_00063.jpeg,culex
train_00064.jpeg,albopictus
train_00065.jpeg,albopictus
train_00066.jpeg,culex
train_00067.jpeg,albopictus
train_00068.jpeg,culex
train_00069.jpeg,albopictus
train_00070.jpeg,albopictus
train_00071.jpeg,culex
train_00072.jpeg,albopictus
train_00073.jpeg,albopictus
train_00074.jpeg,albopictus
train_00075.jpeg,culiseta
train_00076.jpeg,culex
train_00077.jpeg,culex
train_00078.jpeg,albopictus
train_00079.jpeg,albopictus
train_00080.jpeg,albopictus
train_00081.jpeg,albopictus
train_00082.jpeg,culex
train_00083.jpeg,albopictus
train_00084.jpeg,albopictus
train_00085.jpeg,culex
train_00086.jpeg,culex
train_00087.jpeg,culex
train_00088.jpeg,albopictus
train_00089.jpeg,culex
train_00090.jpeg,culex
train_00091.jpeg,albopictus
train_00092.jpeg,culex
train_00093.jpeg,albopictus
train_00094.jpeg,culex
train_00095.jpeg,albopictus
train_00096.jpeg,albopictus
train_00097.jpeg,culex
train_00098.jpeg,albopictus
train_00099.jpeg,albopictus
train_00100.jpeg,albopictus
train_00101.jpeg,culex
train_00102.jpeg,culex
train_00103.jpeg,albopictus
train_00104.jpeg,albopictus
train_00105.jpeg,albopictus
train_00106.jpeg,albopictus
train_00107.jpeg,culex
train_00108.jpeg,culex
train_00109.jpeg,culex
train_00110.jpeg,albopictus
train_00111.jpeg,albopictus
train_00112.jpeg,culex
train_00113.jpeg,albopictus
train_00114.jpeg,albopictus
train_00115.jpeg,culex
train_00116.jpeg,albopictus
train_00117.jpeg,culex
train_00118.jpeg,albopictus
train_00119.jpeg,culex
train_00120.jpeg,albopictus
train_00121.jpeg,albopictus
train_00122.jpeg,culex
train_00123.jpeg,albopictus
train_00124.jpeg,albopictus
train_00125.jpeg,albopictus
train_00126.jpeg,japonicus/koreicus
train_00127.jpeg,albopictus
train_00128.jpeg,culex
train_00129.jpeg,albopictus
train_00130.jpeg,albopictus
train_00131.jpeg,albopictus
train_00132.jpeg,albopictus
train_00133.jpeg,albopictus
train_00134.jpeg,culex
train_00135.jpeg,albopictus
train_00136.jpeg,culex
train_00137.jpeg,culex
train_00138.jpeg,albopictus
train_00139.jpeg,culiseta
train_00140.jpeg,culex
train_00141.jpeg,albopictus
train_00142.jpeg,culex
train_00143.jpeg,culex
train_00144.jpeg,albopictus
train_00145.jpeg,albopictus
train_00146.jpeg,albopictus
train_00147.jpeg,culex
train_00148.jpeg,albopictus
train_00149.jpeg,culex
train_00150.jpeg,culex
train_00151.jpeg,albopictus
train_00152.jpeg,albopictus
train_00153.jpeg,culex
train_00154.jpeg,albopictus
train_00155.jpeg,culex
train_00156.jpeg,albopictus
train_00157.jpeg,culex
train_00158.jpeg,albopictus
train_00159.jpeg,culiseta
train_00160.jpeg,albopictus
train_00161.jpeg,culex
train_00162.jpeg,culex
train_00163.jpeg,culex
train_00164.jpeg,culex
train_00165.jpeg,albopictus
train_00166.jpeg,culex
train_00167.jpeg,albopictus
train_00168.jpeg,culex
train_00169.jpeg,albopictus
train_00170.jpeg,albopictus
train_00171.jpeg,culex
train_00172.jpeg,albopictus
train_00173.jpeg,albopictus
train_00174.jpeg,albopictus
train_00175.jpeg,albopictus
train_00176.jpeg,albopictus
train_00177.jpeg,albopictus
train_00178.jpeg,albopictus
train_00179.jpeg,albopictus
train_00180.jpeg,culex
train_00181.jpeg,culex
train_00182.jpeg,culex
train_00183.jpeg,culex
train_00184.jpeg,albopictus
train_00185.jpeg,albopictus
train_00186.jpeg,culex
train_00187.jpeg,albopictus
train_00188.jpeg,culex
train_00189.jpeg,culiseta
train_00190.jpeg,albopictus
train_00191.jpeg,albopictus
train_00192.jpeg,culex
train_00193.jpeg,albopictus
train_00194.jpeg,albopictus
train_00195.jpeg,albopictus
train_00196.jpeg,albopictus
train_00197.jpeg,albopictus
train_00198.jpeg,albopictus
train_00199.jpeg,albopictus
train_00200.jpeg,albopictus
train_00201.jpeg,albopictus
train_00202.jpeg,albopictus
train_00203.jpeg,culex
train_00204.jpeg,albopictus
train_00205.jpeg,culex
train_00206.jpeg,albopictus
train_00207.jpeg,albopictus
train_00208.jpeg,albopictus
train_00209.jpeg,culex
train_00210.jpeg,albopictus
train_00211.jpeg,culex
train_00212.jpeg,albopictus
train_00213.jpeg,albopictus
train_00214.jpeg,culex
train_00215.jpeg,albopictus
train_00216.jpeg,culex
train_00217.jpeg,albopictus
train_00218.jpeg,albopictus
train_00219.jpeg,albopictus
train_00220.jpeg,albopictus
train_00221.jpeg,culex
train_00222.jpeg,albopictus
train_00223.jpeg,albopictus
train_00224.jpeg,albopictus
train_00225.jpeg,albopictus
train_00226.jpeg,albopictus
train_00227.jpeg,albopictus
train_00228.jpeg,culex
train_00229.jpeg,albopictus
train_00230.jpeg,albopictus
train_00231.jpeg,albopictus
train_00232.jpeg,albopictus
train_00233.jpeg,culex
train_00234.jpeg,albopictus
train_00235.jpeg,albopictus
train_00236.jpeg,culex
train_00237.jpeg,culex
train_00238.jpeg,culex
train_00239.jpeg,albopictus
train_00240.jpeg,culex
train_00241.jpeg,albopictus
train_00242.jpeg,culex
train_00243.jpeg,albopictus
train_00244.jpeg,albopictus
train_00245.jpeg,albopictus
train_00246.jpeg,culex
train_00247.jpeg,albopictus
train_00248.jpeg,albopictus
train_00249.jpeg,albopictus
train_00250.jpeg,albopictus
train_00251.jpeg,culex
train_00252.jpeg,albopictus
train_00253.jpeg,albopictus
train_00254.jpeg,albopictus
train_00255.jpeg,culex
train_00256.jpeg,culex
train_00257.jpeg,albopictus
train_00258.jpeg,albopictus
train_00259.jpeg,culex
train_00260.jpeg,albopictus
train_00261.jpeg,japonicus/koreicus
train_00262.jpeg,albopictus
train_00263.jpeg,albopictus
train_00264.jpeg,albopictus
train_00265.jpeg,culex
train_00266.jpeg,albopictus
train_00267.jpeg,culex
train_00268.jpeg,culex
train_00269.jpeg,albopictus
train_00270.jpeg,culex
train_00271.jpeg,culex
train_00272.jpeg,culex
train_00273.jpeg,albopictus
train_00274.jpeg,albopictus
train_00275.jpeg,culex
train_00276.jpeg,culex
train_00277.jpeg,albopictus
train_00278.jpeg,culex
train_00279.jpeg,albopictus
train_00280.jpeg,albopictus
train_00281.jpeg,albopictus
train_00282.jpeg,albopictus
train_00283.jpeg,culex
train_00284.jpeg,culex
train_00285.jpeg,culex
train_00286.jpeg,albopictus
train_00287.jpeg,albopictus
train_00288.jpeg,culex
train_00289.jpeg,albopictus
train_00290.jpeg,culex
train_00291.jpeg,albopictus
train_00292.jpeg,albopictus
train_00293.jpeg,albopictus
train_00294.jpeg,culex
train_00295.jpeg,albopictus
train_00296.jpeg,albopictus
train_00297.jpeg,culex
train_00298.jpeg,culex
train_00299.jpeg,albopictus
train_00300.jpeg,culex
train_00301.jpeg,albopictus
train_00302.jpeg,albopictus
train_00303.jpeg,albopictus
train_00304.jpeg,albopictus
train_00305.jpeg,albopictus
train_00306.jpeg,culex
train_00307.jpeg,culex
train_00308.jpeg,culex
train_00309.jpeg,culiseta
train_00310.jpeg,albopictus
train_00311.jpeg,culex
train_00312.jpeg,culex
train_00313.jpeg,culex
train_00314.jpeg,albopictus
train_00315.jpeg,culex
train_00316.jpeg,albopictus
train_00317.jpeg,culex
train_00318.jpeg,culex
train_00319.jpeg,albopictus
train_00320.jpeg,albopictus
train_00321.jpeg,culex
train_00322.jpeg,culex
train_00323.jpeg,culex
train_00324.jpeg,culex
train_00325.jpeg,albopictus
train_00326.jpeg,culex
train_00327.jpeg,culex
train_00328.jpeg,culex
train_00329.jpeg,albopictus
train_00330.jpeg,albopictus
train_00331.jpeg,albopictus
train_00332.jpeg,albopictus
train_00333.jpeg,albopictus
train_00334.jpeg,culex
train_00335.jpeg,albopictus
train_00336.jpeg,culex
train_00337.jpeg,culex
train_00338.jpeg,culex
train_00339.jpeg,culex
train_00340.jpeg,culex
train_00341.jpeg,albopictus
train_00342.jpeg,culex
train_00343.jpeg,culex
train_00344.jpeg,culex
train_00345.jpeg,culex
train_00346.jpeg,culex
train_00347.jpeg,albopictus
train_00348.jpeg,albopictus
train_00349.jpeg,albopictus
train_00350.jpeg,albopictus
train_00351.jpeg,culex
train_00352.jpeg,albopictus
train_00353.jpeg,culex
train_00354.jpeg,culex
train_00355.jpeg,culex
train_00356.jpeg,albopictus
train_00357.jpeg,albopictus
train_00358.jpeg,culex
train_00359.jpeg,albopictus
train_00360.jpeg,culex
train_00361.jpeg,albopictus
train_00362.jpeg,culex
train_00363.jpeg,albopictus
train_00364.jpeg,culex
train_00365.jpeg,culex
train_00366.jpeg,culex
train_00367.jpeg,albopictus
train_00368.jpeg,culex
train_00369.jpeg,culex
train_00370.jpeg,albopictus
train_00371.jpeg,culex
train_00372.jpeg,albopictus
train_00373.jpeg,culex
train_00374.jpeg,culex
train_00375.jpeg,albopictus
train_00376.jpeg,albopictus
train_00377.jpeg,culex
train_00378.jpeg,culex
train_00379.jpeg,culex
train_00380.jpeg,albopictus
train_00381.jpeg,albopictus
train_00382.jpeg,albopictus
train_00383.jpeg,albopictus
train_00384.jpeg,culex
train_00385.jpeg,albopictus
train_00386.jpeg,albopictus
train_00387.jpeg,culex
train_00388.jpeg,culex
train_00389.jpeg,albopictus
train_00390.jpeg,culex
train_00391.jpeg,culex
train_00392.jpeg,culex
train_00393.jpeg,albopictus
train_00394.jpeg,albopictus
train_00395.jpeg,albopictus
train_00396.jpeg,culex
train_00397.jpeg,albopictus
train_00398.jpeg,albopictus
train_00399.jpeg,albopictus
train_00400.jpeg,albopictus
train_00401.jpeg,albopictus
train_00402.jpeg,culex
train_00403.jpeg,culex
train_00404.jpeg,culex
train_00405.jpeg,culex
train_00406.jpeg,albopictus
train_00407.jpeg,culex
train_00408.jpeg,culex
train_00409.jpeg,albopictus
train_00410.jpeg,culex
train_00411.jpeg,albopictus
train_00412.jpeg,culex
train_00413.jpeg,culex
train_00414.jpeg,albopictus
train_00415.jpeg,culex
train_00416.jpeg,culex
train_00417.jpeg,albopictus
train_00418.jpeg,albopictus
train_00419.jpeg,albopictus
train_00420.jpeg,culex
train_00421.jpeg,culex
train_00422.jpeg,albopictus
train_00423.jpeg,albopictus
train_00424.jpeg,culex
train_00425.jpeg,albopictus
train_00426.jpeg,culex
train_00427.jpeg,albopictus
train_00428.jpeg,albopictus
train_00429.jpeg,albopictus
train_00430.jpeg,albopictus
train_00431.jpeg,albopictus
train_00432.jpeg,albopictus
train_00433.jpeg,albopictus
train_00434.jpeg,albopictus
train_00435.jpeg,culex
train_00436.jpeg,culex
train_00437.jpeg,culex
train_00438.jpeg,culex
train_00439.jpeg,albopictus
train_00440.jpeg,culex
train_00441.jpeg,albopictus
train_00442.jpeg,culex
train_00443.jpeg,culex
train_00444.jpeg,culex
train_00445.jpeg,culex
train_00446.jpeg,albopictus
train_00447.jpeg,albopictus
train_00448.jpeg,culex
train_00449.jpeg,albopictus
train_00450.jpeg,culex
train_00451.jpeg,culiseta
train_00452.jpeg,albopictus
train_00453.jpeg,culex
train_00454.jpeg,albopictus
train_00455.jpeg,albopictus
train_00456.jpeg,albopictus
train_00457.jpeg,albopictus
train_00458.jpeg,albopictus
train_00459.jpeg,albopictus
train_00460.jpeg,albopictus
train_00461.jpeg,culiseta
train_00462.jpeg,albopictus
train_00463.jpeg,albopictus
train_00464.jpeg,albopictus
train_00465.jpeg,albopictus
train_00466.jpeg,albopictus
train_00467.jpeg,culex
train_00468.jpeg,culex
train_00469.jpeg,culex
train_00470.jpeg,albopictus
train_00471.jpeg,culex
train_00472.jpeg,albopictus
train_00473.jpeg,culex
train_00474.jpeg,albopictus
train_00475.jpeg,albopictus
train_00476.jpeg,albopictus
train_00477.jpeg,culex
train_00478.jpeg,culex
train_00479.jpeg,albopictus
train_00480.jpeg,albopictus
train_00481.jpeg,albopictus
train_00482.jpeg,albopictus
train_00483.jpeg,albopictus
train_00484.jpeg,culex
train_00485.jpeg,albopictus
train_00486.jpeg,culex
train_00487.jpeg,culiseta
train_00488.jpeg,albopictus
train_00489.jpeg,albopictus
train_00490.jpeg,albopictus
train_00491.jpeg,albopictus
train_00492.jpeg,albopictus
train_00493.jpeg,albopictus
train_00494.jpeg,albopictus
train_00495.jpeg,culex
train_00496.jpeg,albopictus
train_00497.jpeg,albopictus
train_00498.jpeg,culex
train_00499.jpeg,culex
train_00500.jpeg,albopictus
train_00501.jpeg,culiseta
train_00502.jpeg,culex
train_00503.jpeg,culex
train_00504.jpeg,culex
train_00505.jpeg,culex
train_00506.jpeg,albopictus
train_00507.jpeg,albopictus
train_00508.jpeg,culex
train_00509.jpeg,albopictus
train_00510.jpeg,culex
train_00511.jpeg,albopictus
train_00512.jpeg,culex
train_00513.jpeg,albopictus
train_00514.jpeg,albopictus
train_00515.jpeg,albopictus
train_00516.jpeg,culex
train_00517.jpeg,culex
train_00518.jpeg,albopictus
train_00519.jpeg,culex
train_00520.jpeg,albopictus
train_00521.jpeg,albopictus
train_00522.jpeg,culex
train_00523.jpeg,culex
train_00524.jpeg,culex
train_00525.jpeg,albopictus
train_00526.jpeg,albopictus
train_00527.jpeg,culex
train_00528.jpeg,albopictus
train_00529.jpeg,culex
train_00530.jpeg,albopictus
train_00531.jpeg,culex
train_00532.jpeg,culex
train_00533.jpeg,culex
train_00534.jpeg,albopictus
train_00535.jpeg,culex
train_00536.jpeg,culex
train_00537.jpeg,albopictus
train_00538.jpeg,albopictus
train_00539.jpeg,culex
train_00540.jpeg,culex
train_00541.jpeg,albopictus
train_00542.jpeg,culex
train_00543.jpeg,albopictus
train_00544.jpeg,culex
train_00545.jpeg,culex
train_00546.jpeg,culex
train_00547.jpeg,culex
train_00548.jpeg,culex
train_00549.jpeg,albopictus
train_00550.jpeg,albopictus
train_00551.jpeg,albopictus
train_00552.jpeg,culex
train_00553.jpeg,culex
train_00554.jpeg,albopictus
train_00555.jpeg,albopictus
train_00556.jpeg,albopictus
train_00557.jpeg,albopictus
train_00558.jpeg,albopictus
train_00559.jpeg,culex
train_00560.jpeg,culex
train_00561.jpeg,culex
train_00562.jpeg,culex
train_00563.jpeg,albopictus
train_00564.jpeg,albopictus
train_00565.jpeg,albopictus
train_00566.jpeg,culex
train_00567.jpeg,culex
train_00568.jpeg,albopictus
train_00569.jpeg,albopictus
train_00570.jpeg,albopictus
train_00571.jpeg,albopictus
train_00572.jpeg,culex
train_00573.jpeg,culex
train_00574.jpeg,albopictus
train_00575.jpeg,albopictus
train_00576.jpeg,culex
train_00577.jpeg,culex
train_00578.jpeg,albopictus
train_00579.jpeg,culex
train_00580.jpeg,albopictus
train_00581.jpeg,albopictus
train_00582.jpeg,culex
train_00583.jpeg,culiseta
train_00584.jpeg,albopictus
train_00585.jpeg,albopictus
train_00586.jpeg,albopictus
train_00587.jpeg,albopictus
train_00588.jpeg,albopictus
train_00589.jpeg,albopictus
train_00590.jpeg,culiseta
train_00591.jpeg,albopictus
train_00592.jpeg,culiseta
train_00593.jpeg,culex
train_00594.jpeg,culex
train_00595.jpeg,albopictus
train_00596.jpeg,albopictus
train_00597.jpeg,culex
train_00598.jpeg,albopictus
train_00599.jpeg,albopictus
train_00600.jpeg,albopictus
train_00601.jpeg,culex
train_00602.jpeg,albopictus
train_00603.jpeg,culex
train_00604.jpeg,albopictus
train_00605.jpeg,culex
train_00606.jpeg,culex
train_00607.jpeg,culex
train_00608.jpeg,culex
train_00609.jpeg,albopictus
train_00610.jpeg,albopictus
train_00611.jpeg,culex
train_00612.jpeg,culex
train_00613.jpeg,albopictus
train_00614.jpeg,albopictus
train_00615.jpeg,albopictus
train_00616.jpeg,albopictus
train_00617.jpeg,albopictus
train_00618.jpeg,albopictus
train_00619.jpeg,albopictus
train_00620.jpeg,albopictus
train_00621.jpeg,culex
train_00622.jpeg,culex
train_00623.jpeg,albopictus
train_00624.jpeg,albopictus
train_00625.jpeg,albopictus
train_00626.jpeg,albopictus
train_00627.jpeg,albopictus
train_00628.jpeg,albopictus
train_00629.jpeg,culex
train_00630.jpeg,albopictus
train_00631.jpeg,albopictus
train_00632.jpeg,albopictus
train_00633.jpeg,culex
train_00634.jpeg,culex
train_00635.jpeg,culex
train_00636.jpeg,albopictus
train_00637.jpeg,culex
train_00638.jpeg,albopictus
train_00639.jpeg,albopictus
train_00640.jpeg,albopictus
train_00641.jpeg,albopictus
train_00642.jpeg,albopictus
train_00643.jpeg,culex
train_00644.jpeg,culex
train_00645.jpeg,albopictus
train_00646.jpeg,albopictus
train_00647.jpeg,culex
train_00648.jpeg,culex
train_00649.jpeg,culex
train_00650.jpeg,culex
train_00651.jpeg,albopictus
train_00652.jpeg,culex
train_00653.jpeg,culex
train_00654.jpeg,culex
train_00655.jpeg,albopictus
train_00656.jpeg,albopictus
train_00657.jpeg,albopictus
train_00658.jpeg,albopictus
train_00659.jpeg,albopictus
train_00660.jpeg,culex
train_00661.jpeg,culex
train_00662.jpeg,albopictus
train_00663.jpeg,albopictus
train_00664.jpeg,albopictus
train_00665.jpeg,albopictus
train_00666.jpeg,albopictus
train_00667.jpeg,albopictus
train_00668.jpeg,albopictus
train_00669.jpeg,albopictus
train_00670.jpeg,albopictus
train_00671.jpeg,culex
train_00672.jpeg,culex
train_00673.jpeg,culex
train_00674.jpeg,albopictus
train_00675.jpeg,albopictus
train_00676.jpeg,albopictus
train_00677.jpeg,culex
train_00678.jpeg,culex
train_00679.jpeg,albopictus
train_00680.jpeg,culex
train_00681.jpeg,culex
train_00682.jpeg,albopictus
train_00683.jpeg,albopictus
train_00684.jpeg,culex
train_00685.jpeg,culex
train_00686.jpeg,culex
train_00687.jpeg,albopictus
train_00688.jpeg,albopictus
train_00689.jpeg,culex
train_00690.jpeg,culex
train_00691.jpeg,culex
train_00692.jpeg,culex
train_00693.jpeg,albopictus
train_00694.jpeg,albopictus
train_00695.jpeg,albopictus
train_00696.jpeg,culex
train_00697.jpeg,albopictus
train_00698.jpeg,culex
train_00699.jpeg,albopictus
train_00700.jpeg,culex
train_00701.jpeg,culex
train_00702.jpeg,culex
train_00703.jpeg,albopictus
train_00704.jpeg,culex
train_00705.jpeg,albopictus
train_00706.jpeg,albopictus
train_00707.jpeg,culex
train_00708.jpeg,culex
train_00709.jpeg,albopictus
train_00710.jpeg,albopictus
train_00711.jpeg,albopictus
train_00712.jpeg,albopictus
train_00713.jpeg,albopictus
train_00714.jpeg,albopictus
train_00715.jpeg,culex
train_00716.jpeg,culex
train_00717.jpeg,albopictus
train_00718.jpeg,albopictus
train_00719.jpeg,albopictus
train_00720.jpeg,culex
train_00721.jpeg,culex
train_00722.jpeg,albopictus
train_00723.jpeg,albopictus
train_00724.jpeg,albopictus
train_00725.jpeg,culex
train_00726.jpeg,culex
train_00727.jpeg,albopictus
train_00728.jpeg,albopictus
train_00729.jpeg,albopictus
train_00730.jpeg,albopictus
train_00731.jpeg,culex
train_00732.jpeg,albopictus
train_00733.jpeg,albopictus
train_00734.jpeg,culex
train_00735.jpeg,culex
train_00736.jpeg,albopictus
train_00737.jpeg,albopictus
train_00738.jpeg,culex
train_00739.jpeg,albopictus
train_00740.jpeg,culex
train_00741.jpeg,albopictus
train_00742.jpeg,culex
train_00743.jpeg,albopictus
train_00744.jpeg,albopictus
train_00745.jpeg,albopictus
train_00746.jpeg,albopictus
train_00747.jpeg,albopictus
train_00748.jpeg,albopictus
train_00749.jpeg,culex
train_00750.jpeg,culex
train_00751.jpeg,albopictus
train_00752.jpeg,culex
train_00753.jpeg,albopictus
train_00754.jpeg,albopictus
train_00755.jpeg,albopictus
train_00756.jpeg,culex
train_00757.jpeg,albopictus
train_00758.jpeg,albopictus
train_00759.jpeg,albopictus
train_00760.jpeg,albopictus
train_00761.jpeg,albopictus
train_00762.jpeg,albopictus
train_00763.jpeg,culex
train_00764.jpeg,culex
train_00765.jpeg,albopictus
train_00766.jpeg,albopictus
train_00767.jpeg,albopictus
train_00768.jpeg,culex
train_00769.jpeg,albopictus
train_00770.jpeg,culex
train_00771.jpeg,culex
train_00772.jpeg,culex
train_00773.jpeg,culex
train_00774.jpeg,albopictus
train_00775.jpeg,culex
train_00776.jpeg,albopictus
train_00777.jpeg,culex
train_00778.jpeg,albopictus
train_00779.jpeg,culex
train_00780.jpeg,albopictus
train_00781.jpeg,culex
train_00782.jpeg,albopictus
train_00783.jpeg,culex
train_00784.jpeg,albopictus
train_00785.jpeg,albopictus
train_00786.jpeg,albopictus
train_00787.jpeg,culex
train_00788.jpeg,culex
train_00789.jpeg,albopictus
train_00790.jpeg,albopictus
train_00791.jpeg,albopictus
train_00792.jpeg,culex
train_00793.jpeg,albopictus
train_00794.jpeg,culex
train_00795.jpeg,culiseta
train_00796.jpeg,albopictus
train_00797.jpeg,albopictus
train_00798.jpeg,culex
train_00799.jpeg,culex
train_00800.jpeg,albopictus
train_00801.jpeg,culex
train_00802.jpeg,culex
train_00803.jpeg,albopictus
train_00804.jpeg,culex
train_00805.jpeg,albopictus
train_00806.jpeg,culex
train_00807.jpeg,culex
train_00808.jpeg,culex
train_00809.jpeg,culex
train_00810.jpeg,culex
train_00811.jpeg,culex
train_00812.jpeg,albopictus
train_00813.jpeg,albopictus
train_00814.jpeg,culex
train_00815.jpeg,albopictus
train_00816.jpeg,culex
train_00817.jpeg,albopictus
train_00818.jpeg,albopictus
train_00819.jpeg,albopictus
train_00820.jpeg,culex
train_00821.jpeg,culex
train_00822.jpeg,culiseta
train_00823.jpeg,culex
train_00824.jpeg,albopictus
train_00825.jpeg,culex
train_00826.jpeg,culex
train_00827.jpeg,albopictus
train_00828.jpeg,culex
train_00829.jpeg,albopictus
train_00830.jpeg,culex
train_00831.jpeg,culex
train_00832.jpeg,culex
train_00833.jpeg,culex
train_00834.jpeg,albopictus
train_00835.jpeg,albopictus
train_00836.jpeg,culex
train_00837.jpeg,albopictus
train_00838.jpeg,culex
train_00839.jpeg,albopictus
train_00840.jpeg,albopictus
train_00841.jpeg,culex
train_00842.jpeg,culex
train_00843.jpeg,culex
train_00844.jpeg,albopictus
train_00845.jpeg,albopictus
train_00846.jpeg,culex
train_00847.jpeg,albopictus
train_00848.jpeg,albopictus
train_00849.jpeg,albopictus
train_00850.jpeg,culex
train_00851.jpeg,culex
train_00852.jpeg,culex
train_00853.jpeg,albopictus
train_00854.jpeg,albopictus
train_00855.jpeg,culex
train_00856.jpeg,albopictus
train_00857.jpeg,albopictus
train_00858.jpeg,culex
train_00859.jpeg,culex
train_00860.jpeg,culex
train_00861.jpeg,culex
train_00862.jpeg,albopictus
train_00863.jpeg,culex
train_00864.jpeg,albopictus
train_00865.jpeg,albopictus
train_00866.jpeg,culex
train_00867.jpeg,albopictus
train_00868.jpeg,albopictus
train_00869.jpeg,culex
train_00870.jpeg,albopictus
train_00871.jpeg,albopictus
train_00872.jpeg,albopictus
train_00873.jpeg,albopictus
train_00874.jpeg,culex
train_00875.jpeg,culex
train_00876.jpeg,albopictus
train_00877.jpeg,albopictus
train_00878.jpeg,culiseta
train_00879.jpeg,culex
train_00880.jpeg,culex
train_00881.jpeg,culex
train_00882.jpeg,albopictus
train_00883.jpeg,albopictus
train_00884.jpeg,culex
train_00885.jpeg,culex
train_00886.jpeg,albopictus
train_00887.jpeg,albopictus
train_00888.jpeg,albopictus
train_00889.jpeg,albopictus
train_00890.jpeg,albopictus
train_00891.jpeg,albopictus
train_00892.jpeg,albopictus
train_00893.jpeg,albopictus
train_00894.jpeg,culex
train_00895.jpeg,culiseta
train_00896.jpeg,culex
train_00897.jpeg,culex
train_00898.jpeg,albopictus
train_00899.jpeg,culex
train_00900.jpeg,culex
train_00901.jpeg,albopictus
train_00902.jpeg,albopictus
train_00903.jpeg,albopictus
train_00904.jpeg,albopictus
train_00905.jpeg,culex
train_00906.jpeg,culex
train_00907.jpeg,culex
train_00908.jpeg,culex
train_00909.jpeg,albopictus
train_00910.jpeg,albopictus
train_00911.jpeg,culex
train_00912.jpeg,culex
train_00913.jpeg,albopictus
train_00914.jpeg,culex
train_00915.jpeg,culex
train_00916.jpeg,albopictus
train_00917.jpeg,albopictus
train_00918.jpeg,culex
train_00919.jpeg,culex
train_00920.jpeg,albopictus
train_00921.jpeg,culex
train_00922.jpeg,culiseta
train_00923.jpeg,albopictus
train_00924.jpeg,albopictus
train_00925.jpeg,albopictus
train_00926.jpeg,albopictus
train_00927.jpeg,albopictus
train_00928.jpeg,albopictus
train_00929.jpeg,culex
train_00930.jpeg,albopictus
train_00931.jpeg,culex
train_00932.jpeg,culex
train_00933.jpeg,albopictus
train_00934.jpeg,culex
train_00935.jpeg,albopictus
train_00936.jpeg,albopictus
train_00937.jpeg,culex
train_00938.jpeg,culex
train_00939.jpeg,albopictus
train_00940.jpeg,culex
train_00941.jpeg,culex
train_00942.jpeg,albopictus
train_00943.jpeg,albopictus
train_00944.jpeg,albopictus
train_00945.jpeg,albopictus
train_00946.jpeg,albopictus
train_00947.jpeg,albopictus
train_00948.jpeg,culex
train_00949.jpeg,albopictus
train_00950.jpeg,albopictus
train_00951.jpeg,albopictus
train_00952.jpeg,culex
train_00953.jpeg,albopictus
train_00954.jpeg,albopictus
train_00955.jpeg,albopictus
train_00956.jpeg,albopictus
train_00957.jpeg,albopictus
train_00958.jpeg,culex
train_00959.jpeg,culex
train_00960.jpeg,albopictus
train_00961.jpeg,culex
train_00962.jpeg,albopictus
train_00963.jpeg,culex
train_00964.jpeg,culex
train_00965.jpeg,albopictus
train_00966.jpeg,culex
train_00967.jpeg,albopictus
train_00968.jpeg,albopictus
train_00969.jpeg,culex
train_00970.jpeg,albopictus
train_00971.jpeg,culex
train_00972.jpeg,albopictus
train_00973.jpeg,albopictus
train_00974.jpeg,albopictus
train_00975.jpeg,albopictus
train_00976.jpeg,culex
train_00977.jpeg,culex
train_00978.jpeg,culex
train_00979.jpeg,albopictus
train_00980.jpeg,culex
train_00981.jpeg,albopictus
train_00982.jpeg,culex
train_00983.jpeg,culex
train_00984.jpeg,culex
train_00985.jpeg,culex
train_00986.jpeg,albopictus
train_00987.jpeg,albopictus
train_00988.jpeg,albopictus
train_00989.jpeg,albopictus
train_00990.jpeg,culex
train_00991.jpeg,albopictus
train_00992.jpeg,culex
train_00993.jpeg,culex
train_00994.jpeg,albopictus
train_00995.jpeg,culex
train_00996.jpeg,culex
train_00997.jpeg,albopictus
train_00998.jpeg,albopictus
train_00999.jpeg,culex
train_01000.jpeg,albopictus
train_01001.jpeg,albopictus
train_01002.jpeg,albopictus
train_01003.jpeg,albopictus
train_01004.jpeg,albopictus
train_01005.jpeg,albopictus
train_01006.jpeg,albopictus
train_01007.jpeg,culex
train_01008.jpeg,culex
train_01009.jpeg,culex
train_01010.jpeg,culex
train_01011.jpeg,culex
train_01012.jpeg,albopictus
train_01013.jpeg,albopictus
train_01014.jpeg,albopictus
train_01015.jpeg,culex
train_01016.jpeg,japonicus/koreicus
train_01017.jpeg,culex
train_01018.jpeg,albopictus
train_01019.jpeg,albopictus
train_01020.jpeg,culex
train_01021.jpeg,albopictus
train_01022.jpeg,culex
train_01023.jpeg,albopictus
train_01024.jpeg,albopictus
train_01025.jpeg,aegypti
train_01026.jpeg,albopictus
train_01027.jpeg,albopictus
train_01028.jpeg,albopictus
train_01029.jpeg,culex
train_01030.jpeg,culex
train_01031.jpeg,culex
train_01032.jpeg,albopictus
train_01033.jpeg,culex
train_01034.jpeg,culex
train_01035.jpeg,culex
train_01036.jpeg,culex
train_01037.jpeg,culex
train_01038.jpeg,albopictus
train_01039.jpeg,culex
train_01040.jpeg,culex
train_01041.jpeg,albopictus
train_01042.jpeg,albopictus
train_01043.jpeg,albopictus
train_01044.jpeg,culex
train_01045.jpeg,albopictus
train_01046.jpeg,albopictus
train_01047.jpeg,culex
train_01048.jpeg,albopictus
train_01049.jpeg,albopictus
train_01050.jpeg,albopictus
train_01051.jpeg,albopictus
train_01052.jpeg,albopictus
train_01053.jpeg,albopictus
train_01054.jpeg,albopictus
train_01055.jpeg,culex
train_01056.jpeg,albopictus
train_01057.jpeg,albopictus
train_01058.jpeg,albopictus
train_01059.jpeg,albopictus
train_01060.jpeg,culex
train_01061.jpeg,albopictus
train_01062.jpeg,culex
train_01063.jpeg,culex
train_01064.jpeg,culex
train_01065.jpeg,albopictus
train_01066.jpeg,albopictus
train_01067.jpeg,culex
train_01068.jpeg,culex
train_01069.jpeg,culex
train_01070.jpeg,culiseta
train_01071.jpeg,culex
train_01072.jpeg,culex
train_01073.jpeg,albopictus
train_01074.jpeg,albopictus
train_01075.jpeg,albopictus
train_01076.jpeg,culex
train_01077.jpeg,albopictus
train_01078.jpeg,culex
train_01079.jpeg,culex
train_01080.jpeg,culex
train_01081.jpeg,albopictus
train_01082.jpeg,culex
train_01083.jpeg,albopictus
train_01084.jpeg,albopictus
train_01085.jpeg,albopictus
train_01086.jpeg,albopictus
train_01087.jpeg,culex
train_01088.jpeg,culex
train_01089.jpeg,culex
train_01090.jpeg,albopictus
train_01091.jpeg,albopictus
train_01092.jpeg,culex
train_01093.jpeg,culex
train_01094.jpeg,albopictus
train_01095.jpeg,albopictus
train_01096.jpeg,culex
train_01097.jpeg,albopictus
train_01098.jpeg,culex
train_01099.jpeg,albopictus
train_01100.jpeg,albopictus
train_01101.jpeg,albopictus
train_01102.jpeg,culex
train_01103.jpeg,culex
train_01104.jpeg,albopictus
train_01105.jpeg,albopictus
train_01106.jpeg,albopictus
train_01107.jpeg,albopictus
train_01108.jpeg,culex
train_01109.jpeg,albopictus
train_01110.jpeg,albopictus
train_01111.jpeg,albopictus
train_01112.jpeg,albopictus
train_01113.jpeg,albopictus
train_01114.jpeg,albopictus
train_01115.jpeg,culex
train_01116.jpeg,albopictus
train_01117.jpeg,albopictus
train_01118.jpeg,albopictus
train_01119.jpeg,albopictus
train_01120.jpeg,albopictus
train_01121.jpeg,culex
train_01122.jpeg,albopictus
train_01123.jpeg,albopictus
train_01124.jpeg,culex
train_01125.jpeg,culex
train_01126.jpeg,culex
train_01127.jpeg,albopictus
train_01128.jpeg,albopictus
train_01129.jpeg,culex
train_01130.jpeg,culex
train_01131.jpeg,albopictus
train_01132.jpeg,culex
train_01133.jpeg,albopictus
train_01134.jpeg,albopictus
train_01135.jpeg,albopictus
train_01136.jpeg,albopictus
train_01137.jpeg,culex
train_01138.jpeg,albopictus
train_01139.jpeg,albopictus
train_01140.jpeg,albopictus
train_01141.jpeg,albopictus
train_01142.jpeg,culex
train_01143.jpeg,albopictus
train_01144.jpeg,albopictus
train_01145.jpeg,albopictus
train_01146.jpeg,culex
train_01147.jpeg,albopictus
train_01148.jpeg,culex
train_01149.jpeg,albopictus
train_01150.jpeg,albopictus
train_01151.jpeg,albopictus
train_01152.jpeg,albopictus
train_01153.jpeg,culex
train_01154.jpeg,albopictus
train_01155.jpeg,albopictus
train_01156.jpeg,culex
train_01157.jpeg,albopictus
train_01158.jpeg,albopictus
train_01159.jpeg,culex
train_01160.jpeg,albopictus
train_01161.jpeg,culex
train_01162.jpeg,culex
train_01163.jpeg,culex
train_01164.jpeg,culex
train_01165.jpeg,albopictus
train_01166.jpeg,culex
train_01167.jpeg,culex
train_01168.jpeg,culex
train_01169.jpeg,culex
train_01170.jpeg,culex
train_01171.jpeg,culex
train_01172.jpeg,albopictus
train_01173.jpeg,albopictus
train_01174.jpeg,albopictus
train_01175.jpeg,albopictus
train_01176.jpeg,culex
train_01177.jpeg,culex
train_01178.jpeg,albopictus
train_01179.jpeg,albopictus
train_01180.jpeg,culex
train_01181.jpeg,albopictus
train_01182.jpeg,albopictus
train_01183.jpeg,culex
train_01184.jpeg,culex
train_01185.jpeg,albopictus
train_01186.jpeg,albopictus
train_01187.jpeg,albopictus
train_01188.jpeg,culex
train_01189.jpeg,culex
train_01190.jpeg,albopictus
train_01191.jpeg,albopictus
train_01192.jpeg,albopictus
train_01193.jpeg,culex
train_01194.jpeg,culex
train_01195.jpeg,albopictus
train_01196.jpeg,culex
train_01197.jpeg,culex
train_01198.jpeg,albopictus
train_01199.jpeg,albopictus
train_01200.jpeg,albopictus
train_01201.jpeg,culex
train_01202.jpeg,albopictus
train_01203.jpeg,culex
train_01204.jpeg,albopictus
train_01205.jpeg,albopictus
train_01206.jpeg,culex
train_01207.jpeg,culex
train_01208.jpeg,culex
train_01209.jpeg,albopictus
train_01210.jpeg,albopictus
train_01211.jpeg,albopictus
train_01212.jpeg,culex
train_01213.jpeg,albopictus
train_01214.jpeg,albopictus
train_01215.jpeg,culex
train_01216.jpeg,albopictus
train_01217.jpeg,culex
train_01218.jpeg,albopictus
train_01219.jpeg,culex
train_01220.jpeg,culex
train_01221.jpeg,albopictus
train_01222.jpeg,albopictus
train_01223.jpeg,culex
train_01224.jpeg,albopictus
train_01225.jpeg,albopictus
train_01226.jpeg,albopictus
train_01227.jpeg,culex
train_01228.jpeg,culex
train_01229.jpeg,albopictus
train_01230.jpeg,culiseta
train_01231.jpeg,albopictus
train_01232.jpeg,albopictus
train_01233.jpeg,albopictus
train_01234.jpeg,albopictus
train_01235.jpeg,albopictus
train_01236.jpeg,albopictus
train_01237.jpeg,albopictus
train_01238.jpeg,culex
train_01239.jpeg,culex
train_01240.jpeg,culex
train_01241.jpeg,culex
train_01242.jpeg,albopictus
train_01243.jpeg,albopictus
train_01244.jpeg,albopictus
train_01245.jpeg,albopictus
train_01246.jpeg,albopictus
train_01247.jpeg,albopictus
train_01248.jpeg,albopictus
train_01249.jpeg,culex
train_01250.jpeg,culex
train_01251.jpeg,culex
train_01252.jpeg,albopictus
train_01253.jpeg,albopictus
train_01254.jpeg,culex
train_01255.jpeg,albopictus
train_01256.jpeg,culex
train_01257.jpeg,culex
train_01258.jpeg,culex
train_01259.jpeg,albopictus
train_01260.jpeg,culex
train_01261.jpeg,albopictus
train_01262.jpeg,albopictus
train_01263.jpeg,culex
train_01264.jpeg,albopictus
train_01265.jpeg,albopictus
train_01266.jpeg,albopictus
train_01267.jpeg,albopictus
train_01268.jpeg,culex
train_01269.jpeg,culex
train_01270.jpeg,culex
train_01271.jpeg,culex
train_01272.jpeg,albopictus
train_01273.jpeg,albopictus
train_01274.jpeg,culex
train_01275.jpeg,albopictus
train_01276.jpeg,albopictus
train_01277.jpeg,albopictus
train_01278.jpeg,culex
train_01279.jpeg,albopictus
train_01280.jpeg,albopictus
train_01281.jpeg,albopictus
train_01282.jpeg,albopictus
train_01283.jpeg,albopictus
train_01284.jpeg,albopictus
train_01285.jpeg,albopictus
train_01286.jpeg,albopictus
train_01287.jpeg,albopictus
train_01288.jpeg,albopictus
train_01289.jpeg,culex
train_01290.jpeg,culex
train_01291.jpeg,culex
train_01292.jpeg,culex
train_01293.jpeg,culex
train_01294.jpeg,culex
train_01295.jpeg,albopictus
train_01296.jpeg,albopictus
train_01297.jpeg,culex
train_01298.jpeg,culex
train_01299.jpeg,albopictus
train_01300.jpeg,culex
train_01301.jpeg,culiseta
train_01302.jpeg,albopictus
train_01303.jpeg,culex
train_01304.jpeg,culex
train_01305.jpeg,albopictus
train_01306.jpeg,culex
train_01307.jpeg,albopictus
train_01308.jpeg,culex
train_01309.jpeg,culex
train_01310.jpeg,albopictus
train_01311.jpeg,albopictus
train_01312.jpeg,albopictus
train_01313.jpeg,culex
train_01314.jpeg,albopictus
train_01315.jpeg,culex
train_01316.jpeg,culex
train_01317.jpeg,albopictus
train_01318.jpeg,albopictus
train_01319.jpeg,albopictus
train_01320.jpeg,albopictus
train_01321.jpeg,culex
train_01322.jpeg,albopictus
train_01323.jpeg,culex
train_01324.jpeg,albopictus
train_01325.jpeg,albopictus
train_01326.jpeg,albopictus
train_01327.jpeg,albopictus
train_01328.jpeg,culex
train_01329.jpeg,culiseta
train_01330.jpeg,culex
train_01331.jpeg,culex
train_01332.jpeg,culex
train_01333.jpeg,albopictus
train_01334.jpeg,culex
train_01335.jpeg,albopictus
train_01336.jpeg,albopictus
train_01337.jpeg,culex
train_01338.jpeg,culex
train_01339.jpeg,culex
train_01340.jpeg,culex
train_01341.jpeg,culex
train_01342.jpeg,culex
train_01343.jpeg,albopictus
train_01344.jpeg,albopictus
train_01345.jpeg,albopictus
train_01346.jpeg,albopictus
train_01347.jpeg,albopictus
train_01348.jpeg,albopictus
train_01349.jpeg,albopictus
train_01350.jpeg,culex
train_01351.jpeg,albopictus
train_01352.jpeg,albopictus
train_01353.jpeg,albopictus
train_01354.jpeg,culex
train_01355.jpeg,culex
train_01356.jpeg,culex
train_01357.jpeg,albopictus
train_01358.jpeg,albopictus
train_01359.jpeg,albopictus
train_01360.jpeg,culiseta
train_01361.jpeg,albopictus
train_01362.jpeg,culex
train_01363.jpeg,albopictus
train_01364.jpeg,culex
train_01365.jpeg,albopictus
train_01366.jpeg,culex
train_01367.jpeg,culex
train_01368.jpeg,culex
train_01369.jpeg,culex
train_01370.jpeg,culex
train_01371.jpeg,albopictus
train_01372.jpeg,albopictus
train_01373.jpeg,culex
train_01374.jpeg,albopictus
train_01375.jpeg,albopictus
train_01376.jpeg,aegypti
train_01377.jpeg,culex
train_01378.jpeg,culex
train_01379.jpeg,culex
train_01380.jpeg,culex
train_01381.jpeg,culex
train_01382.jpeg,albopictus
train_01383.jpeg,culex
train_01384.jpeg,culex
train_01385.jpeg,culex
train_01386.jpeg,culex
train_01387.jpeg,culex
train_01388.jpeg,albopictus
train_01389.jpeg,albopictus
train_01390.jpeg,albopictus
train_01391.jpeg,albopictus
train_01392.jpeg,albopictus
train_01393.jpeg,culex
train_01394.jpeg,albopictus
train_01395.jpeg,albopictus
train_01396.jpeg,albopictus
train_01397.jpeg,albopictus
train_01398.jpeg,culiseta
train_01399.jpeg,culex
train_01400.jpeg,albopictus
train_01401.jpeg,culex
train_01402.jpeg,albopictus
train_01403.jpeg,culex
train_01404.jpeg,culex
train_01405.jpeg,culex
train_01406.jpeg,albopictus
train_01407.jpeg,culex
train_01408.jpeg,culex
train_01409.jpeg,culex
train_01410.jpeg,culex
train_01411.jpeg,culex
train_01412.jpeg,albopictus
train_01413.jpeg,albopictus
train_01414.jpeg,albopictus
train_01415.jpeg,culex
train_01416.jpeg,albopictus
train_01417.jpeg,culex
train_01418.jpeg,culex
train_01419.jpeg,albopictus
train_01420.jpeg,albopictus
train_01421.jpeg,albopictus
train_01422.jpeg,culex
train_01423.jpeg,culex
train_01424.jpeg,albopictus
train_01425.jpeg,albopictus
train_01426.jpeg,culex
train_01427.jpeg,culex
train_01428.jpeg,albopictus
train_01429.jpeg,albopictus
train_01430.jpeg,culex
train_01431.jpeg,culex
train_01432.jpeg,albopictus
train_01433.jpeg,albopictus
train_01434.jpeg,albopictus
train_01435.jpeg,culex
train_01436.jpeg,culex
train_01437.jpeg,albopictus
train_01438.jpeg,albopictus
train_01439.jpeg,albopictus
train_01440.jpeg,culex
train_01441.jpeg,albopictus
train_01442.jpeg,culex
train_01443.jpeg,albopictus
train_01444.jpeg,albopictus
train_01445.jpeg,culex
train_01446.jpeg,albopictus
train_01447.jpeg,albopictus
train_01448.jpeg,albopictus
train_01449.jpeg,albopictus
train_01450.jpeg,albopictus
train_01451.jpeg,albopictus
train_01452.jpeg,albopictus
train_01453.jpeg,culex
train_01454.jpeg,albopictus
train_01455.jpeg,culex
train_01456.jpeg,albopictus
train_01457.jpeg,albopictus
train_01458.jpeg,albopictus
train_01459.jpeg,culex
train_01460.jpeg,culex
train_01461.jpeg,culex
train_01462.jpeg,culex
train_01463.jpeg,albopictus
train_01464.jpeg,culex
train_01465.jpeg,albopictus
train_01466.jpeg,culex
train_01467.jpeg,culex
train_01468.jpeg,albopictus
train_01469.jpeg,culex
train_01470.jpeg,culex
train_01471.jpeg,culiseta
train_01472.jpeg,albopictus
train_01473.jpeg,albopictus
train_01474.jpeg,albopictus
train_01475.jpeg,albopictus
train_01476.jpeg,albopictus
train_01477.jpeg,culex
train_01478.jpeg,culex
train_01479.jpeg,albopictus
train_01480.jpeg,culex
train_01481.jpeg,culex
train_01482.jpeg,albopictus
train_01483.jpeg,culex
train_01484.jpeg,albopictus
train_01485.jpeg,culex
train_01486.jpeg,albopictus
train_01487.jpeg,albopictus
train_01488.jpeg,culex
train_01489.jpeg,culex
train_01490.jpeg,albopictus
train_01491.jpeg,culex
train_01492.jpeg,culex
train_01493.jpeg,culex
train_01494.jpeg,culex
train_01495.jpeg,albopictus
train_01496.jpeg,culiseta
train_01497.jpeg,albopictus
train_01498.jpeg,culex
train_01499.jpeg,albopictus
train_01500.jpeg,albopictus
train_01501.jpeg,albopictus
train_01502.jpeg,culex
train_01503.jpeg,culex
train_01504.jpeg,albopictus
train_01505.jpeg,culex
train_01506.jpeg,culex
train_01507.jpeg,culex
train_01508.jpeg,albopictus
train_01509.jpeg,culex
train_01510.jpeg,albopictus
train_01511.jpeg,culex
train_01512.jpeg,albopictus
train_01513.jpeg,albopictus
train_01514.jpeg,culex
train_01515.jpeg,albopictus
train_01516.jpeg,culex
train_01517.jpeg,albopictus
train_01518.jpeg,culex
train_01519.jpeg,culex
train_01520.jpeg,culex
train_01521.jpeg,culex
train_01522.jpeg,culex
train_01523.jpeg,albopictus
train_01524.jpeg,albopictus
train_01525.jpeg,culex
train_01526.jpeg,albopictus
train_01527.jpeg,albopictus
train_01528.jpeg,culex
train_01529.jpeg,albopictus
train_01530.jpeg,albopictus
train_01531.jpeg,albopictus
train_01532.jpeg,albopictus
train_01533.jpeg,culex
train_01534.jpeg,culex
train_01535.jpeg,albopictus
train_01536.jpeg,culex
train_01537.jpeg,albopictus
train_01538.jpeg,albopictus
train_01539.jpeg,albopictus
train_01540.jpeg,culex
train_01541.jpeg,culex
train_01542.jpeg,culex
train_01543.jpeg,culex
train_01544.jpeg,albopictus
train_01545.jpeg,albopictus
train_01546.jpeg,culex
train_01547.jpeg,albopictus
train_01548.jpeg,albopictus
train_01549.jpeg,culex
train_01550.jpeg,culex
train_01551.jpeg,culex
train_01552.jpeg,culex
train_01553.jpeg,culex
train_01554.jpeg,albopictus
train_01555.jpeg,albopictus
train_01556.jpeg,culex
train_01557.jpeg,culex
train_01558.jpeg,culex
train_01559.jpeg,albopictus
train_01560.jpeg,albopictus
train_01561.jpeg,albopictus
train_01562.jpeg,albopictus
train_01563.jpeg,culex
train_01564.jpeg,albopictus
train_01565.jpeg,albopictus
train_01566.jpeg,culex
train_01567.jpeg,albopictus
train_01568.jpeg,culex
train_01569.jpeg,culex
train_01570.jpeg,albopictus
train_01571.jpeg,albopictus
train_01572.jpeg,albopictus
train_01573.jpeg,albopictus
train_01574.jpeg,albopictus
train_01575.jpeg,culex
train_01576.jpeg,culex
train_01577.jpeg,culex
train_01578.jpeg,albopictus
train_01579.jpeg,albopictus
train_01580.jpeg,culex
train_01581.jpeg,albopictus
train_01582.jpeg,culiseta
train_01583.jpeg,albopictus
train_01584.jpeg,culex
train_01585.jpeg,culex
train_01586.jpeg,albopictus
train_01587.jpeg,culex
train_01588.jpeg,culex
train_01589.jpeg,culex
train_01590.jpeg,albopictus
train_01591.jpeg,albopictus
train_01592.jpeg,albopictus
train_01593.jpeg,culex
train_01594.jpeg,culex
train_01595.jpeg,albopictus
train_01596.jpeg,albopictus
train_01597.jpeg,albopictus
train_01598.jpeg,albopictus
train_01599.jpeg,culex
train_01600.jpeg,culex
train_01601.jpeg,culiseta
train_01602.jpeg,culex
train_01603.jpeg,albopictus
train_01604.jpeg,albopictus
train_01605.jpeg,albopictus
train_01606.jpeg,culex
train_01607.jpeg,albopictus
train_01608.jpeg,culex
train_01609.jpeg,albopictus
train_01610.jpeg,culex
train_01611.jpeg,culex
train_01612.jpeg,albopictus
train_01613.jpeg,albopictus
train_01614.jpeg,culex
train_01615.jpeg,culiseta
train_01616.jpeg,albopictus
train_01617.jpeg,albopictus
train_01618.jpeg,albopictus
train_01619.jpeg,albopictus
train_01620.jpeg,albopictus
train_01621.jpeg,culex
train_01622.jpeg,albopictus
train_01623.jpeg,albopictus
train_01624.jpeg,culex
train_01625.jpeg,albopictus
train_01626.jpeg,culex
train_01627.jpeg,albopictus
train_01628.jpeg,culex
train_01629.jpeg,albopictus
train_01630.jpeg,albopictus
train_01631.jpeg,culex
train_01632.jpeg,albopictus
train_01633.jpeg,culex
train_01634.jpeg,albopictus
train_01635.jpeg,albopictus
train_01636.jpeg,albopictus
train_01637.jpeg,albopictus
train_01638.jpeg,culex
train_01639.jpeg,culex
train_01640.jpeg,albopictus
train_01641.jpeg,albopictus
train_01642.jpeg,culex
train_01643.jpeg,albopictus
train_01644.jpeg,culex
train_01645.jpeg,culex
train_01646.jpeg,albopictus
train_01647.jpeg,albopictus
train_01648.jpeg,culex
train_01649.jpeg,japonicus/koreicus
train_01650.jpeg,culex
train_01651.jpeg,culex
train_01652.jpeg,culex
train_01653.jpeg,culex
train_01654.jpeg,albopictus
train_01655.jpeg,culex
train_01656.jpeg,albopictus
train_01657.jpeg,albopictus
train_01658.jpeg,culex
train_01659.jpeg,culex
train_01660.jpeg,culex
train_01661.jpeg,culex
train_01662.jpeg,albopictus
train_01663.jpeg,albopictus
train_01664.jpeg,albopictus
train_01665.jpeg,albopictus
train_01666.jpeg,culex
train_01667.jpeg,albopictus
train_01668.jpeg,albopictus
train_01669.jpeg,culex
train_01670.jpeg,albopictus
train_01671.jpeg,culex
train_01672.jpeg,albopictus
train_01673.jpeg,culex
train_01674.jpeg,culex
train_01675.jpeg,culex
train_01676.jpeg,albopictus
train_01677.jpeg,albopictus
train_01678.jpeg,culex
train_01679.jpeg,albopictus
train_01680.jpeg,albopictus
train_01681.jpeg,culex
train_01682.jpeg,albopictus
train_01683.jpeg,culex
train_01684.jpeg,culex
train_01685.jpeg,culex
train_01686.jpeg,albopictus
train_01687.jpeg,culex
train_01688.jpeg,albopictus
train_01689.jpeg,culex
train_01690.jpeg,culex
train_01691.jpeg,albopictus
train_01692.jpeg,albopictus
train_01693.jpeg,albopictus
train_01694.jpeg,albopictus
train_01695.jpeg,culex
train_01696.jpeg,albopictus
train_01697.jpeg,albopictus
train_01698.jpeg,albopictus
train_01699.jpeg,culex
train_01700.jpeg,culex
train_01701.jpeg,albopictus
train_01702.jpeg,albopictus
train_01703.jpeg,albopictus
train_01704.jpeg,albopictus
train_01705.jpeg,albopictus
train_01706.jpeg,albopictus
train_01707.jpeg,culex
train_01708.jpeg,culex
train_01709.jpeg,culex
train_01710.jpeg,albopictus
train_01711.jpeg,albopictus
train_01712.jpeg,albopictus
train_01713.jpeg,culex
train_01714.jpeg,albopictus
train_01715.jpeg,albopictus
train_01716.jpeg,albopictus
train_01717.jpeg,albopictus
train_01718.jpeg,culex
train_01719.jpeg,culex
train_01720.jpeg,culex
train_01721.jpeg,albopictus
train_01722.jpeg,albopictus
train_01723.jpeg,culex
train_01724.jpeg,albopictus
train_01725.jpeg,albopictus
train_01726.jpeg,albopictus
train_01727.jpeg,albopictus
train_01728.jpeg,albopictus
train_01729.jpeg,culex
train_01730.jpeg,culex
train_01731.jpeg,albopictus
train_01732.jpeg,albopictus
train_01733.jpeg,culex
train_01734.jpeg,albopictus
train_01735.jpeg,albopictus
train_01736.jpeg,albopictus
train_01737.jpeg,albopictus
train_01738.jpeg,albopictus
train_01739.jpeg,albopictus
train_01740.jpeg,albopictus
train_01741.jpeg,albopictus
train_01742.jpeg,albopictus
train_01743.jpeg,culex
train_01744.jpeg,albopictus
train_01745.jpeg,culex
train_01746.jpeg,albopictus
train_01747.jpeg,albopictus
train_01748.jpeg,albopictus
train_01749.jpeg,albopictus
train_01750.jpeg,albopictus
train_01751.jpeg,albopictus
train_01752.jpeg,albopictus
train_01753.jpeg,albopictus
train_01754.jpeg,albopictus
train_01755.jpeg,albopictus
train_01756.jpeg,culex
train_01757.jpeg,albopictus
train_01758.jpeg,albopictus
train_01759.jpeg,albopictus
train_01760.jpeg,albopictus
train_01761.jpeg,albopictus
train_01762.jpeg,albopictus
train_01763.jpeg,albopictus
train_01764.jpeg,culex
train_01765.jpeg,culex
train_01766.jpeg,albopictus
train_01767.jpeg,albopictus
train_01768.jpeg,albopictus
train_01769.jpeg,albopictus
train_01770.jpeg,albopictus
train_01771.jpeg,culex
train_01772.jpeg,culex
train_01773.jpeg,albopictus
train_01774.jpeg,culex
train_01775.jpeg,culex
train_01776.jpeg,albopictus
train_01777.jpeg,culex
train_01778.jpeg,albopictus
train_01779.jpeg,albopictus
train_01780.jpeg,culex
train_01781.jpeg,culex
train_01782.jpeg,albopictus
train_01783.jpeg,albopictus
train_01784.jpeg,culex
train_01785.jpeg,culex
train_01786.jpeg,culex
train_01787.jpeg,albopictus
train_01788.jpeg,albopictus
train_01789.jpeg,culex
train_01790.jpeg,culex
train_01791.jpeg,culex
train_01792.jpeg,albopictus
train_01793.jpeg,albopictus
train_01794.jpeg,albopictus
train_01795.jpeg,culex
train_01796.jpeg,culex
train_01797.jpeg,albopictus
train_01798.jpeg,albopictus
train_01799.jpeg,albopictus
train_01800.jpeg,culex
train_01801.jpeg,culex
train_01802.jpeg,culex
train_01803.jpeg,culex
train_01804.jpeg,culex
train_01805.jpeg,albopictus
train_01806.jpeg,albopictus
train_01807.jpeg,culex
train_01808.jpeg,culex
train_01809.jpeg,culex
train_01810.jpeg,culex
train_01811.jpeg,albopictus
train_01812.jpeg,albopictus
train_01813.jpeg,culex
train_01814.jpeg,culex
train_01815.jpeg,culex
train_01816.jpeg,culex
train_01817.jpeg,albopictus
train_01818.jpeg,albopictus
train_01819.jpeg,culex
train_01820.jpeg,culex
train_01821.jpeg,albopictus
train_01822.jpeg,albopictus
train_01823.jpeg,culex
train_01824.jpeg,albopictus
train_01825.jpeg,albopictus
train_01826.jpeg,albopictus
train_01827.jpeg,albopictus
train_01828.jpeg,albopictus
train_01829.jpeg,albopictus
train_01830.jpeg,culex
train_01831.jpeg,culex
train_01832.jpeg,culex
train_01833.jpeg,albopictus
train_01834.jpeg,albopictus
train_01835.jpeg,culex
train_01836.jpeg,culex
train_01837.jpeg,albopictus
train_01838.jpeg,albopictus
train_01839.jpeg,culex
train_01840.jpeg,albopictus
train_01841.jpeg,culex
train_01842.jpeg,culex
train_01843.jpeg,albopictus
train_01844.jpeg,albopictus
train_01845.jpeg,albopictus
train_01846.jpeg,culex
train_01847.jpeg,culex
train_01848.jpeg,culex
train_01849.jpeg,albopictus
train_01850.jpeg,albopictus
train_01851.jpeg,albopictus
train_01852.jpeg,culex
train_01853.jpeg,albopictus
train_01854.jpeg,albopictus
train_01855.jpeg,culex
train_01856.jpeg,albopictus
train_01857.jpeg,culex
train_01858.jpeg,albopictus
train_01859.jpeg,culex
train_01860.jpeg,albopictus
train_01861.jpeg,albopictus
train_01862.jpeg,culex
train_01863.jpeg,culex
train_01864.jpeg,albopictus
train_01865.jpeg,culex
train_01866.jpeg,culex
train_01867.jpeg,culex
train_01868.jpeg,culex
train_01869.jpeg,culex
train_01870.jpeg,albopictus
train_01871.jpeg,culex
train_01872.jpeg,albopictus
train_01873.jpeg,culex
train_01874.jpeg,albopictus
train_01875.jpeg,culex
train_01876.jpeg,culex
train_01877.jpeg,culex
train_01878.jpeg,albopictus
train_01879.jpeg,culex
train_01880.jpeg,albopictus
train_01881.jpeg,albopictus
train_01882.jpeg,culex
train_01883.jpeg,culex
train_01884.jpeg,albopictus
train_01885.jpeg,albopictus
train_01886.jpeg,albopictus
train_01887.jpeg,culex
train_01888.jpeg,albopictus
train_01889.jpeg,albopictus
train_01890.jpeg,culex
train_01891.jpeg,culex
train_01892.jpeg,albopictus
train_01893.jpeg,albopictus
train_01894.jpeg,culex
train_01895.jpeg,albopictus
train_01896.jpeg,albopictus
train_01897.jpeg,albopictus
train_01898.jpeg,albopictus
train_01899.jpeg,albopictus
train_01900.jpeg,albopictus
train_01901.jpeg,culex
train_01902.jpeg,culex
train_01903.jpeg,albopictus
train_01904.jpeg,albopictus
train_01905.jpeg,albopictus
train_01906.jpeg,culex
train_01907.jpeg,albopictus
train_01908.jpeg,culex
train_01909.jpeg,albopictus
train_01910.jpeg,culex
train_01911.jpeg,albopictus
train_01912.jpeg,albopictus
train_01913.jpeg,culex
train_01914.jpeg,culex
train_01915.jpeg,culex
train_01916.jpeg,albopictus
train_01917.jpeg,culex
train_01918.jpeg,albopictus
train_01919.jpeg,culex
train_01920.jpeg,albopictus
train_01921.jpeg,albopictus
train_01922.jpeg,albopictus
train_01923.jpeg,albopictus
train_01924.jpeg,culex
train_01925.jpeg,culex
train_01926.jpeg,culex
train_01927.jpeg,culex
train_01928.jpeg,albopictus
train_01929.jpeg,albopictus
train_01930.jpeg,culex
train_01931.jpeg,albopictus
train_01932.jpeg,culex
train_01933.jpeg,albopictus
train_01934.jpeg,culex
train_01935.jpeg,albopictus
train_01936.jpeg,culex
train_01937.jpeg,culex
train_01938.jpeg,culex
train_01939.jpeg,albopictus
train_01940.jpeg,albopictus
train_01941.jpeg,culex
train_01942.jpeg,albopictus
train_01943.jpeg,albopictus
train_01944.jpeg,culex
train_01945.jpeg,culex
train_01946.jpeg,albopictus
train_01947.jpeg,albopictus
train_01948.jpeg,albopictus
train_01949.jpeg,albopictus
train_01950.jpeg,culex
train_01951.jpeg,albopictus
train_01952.jpeg,albopictus
train_01953.jpeg,culex
train_01954.jpeg,albopictus
train_01955.jpeg,albopictus
train_01956.jpeg,albopictus
train_01957.jpeg,albopictus
train_01958.jpeg,culex
train_01959.jpeg,albopictus
train_01960.jpeg,culex
train_01961.jpeg,albopictus
train_01962.jpeg,culex
train_01963.jpeg,culex
train_01964.jpeg,culex
train_01965.jpeg,culex
train_01966.jpeg,culex
train_01967.jpeg,culex
train_01968.jpeg,albopictus
train_01969.jpeg,albopictus
train_01970.jpeg,albopictus
train_01971.jpeg,culex
train_01972.jpeg,albopictus
train_01973.jpeg,culiseta
train_01974.jpeg,albopictus
train_01975.jpeg,culex
train_01976.jpeg,albopictus
train_01977.jpeg,culiseta
train_01978.jpeg,albopictus
train_01979.jpeg,albopictus
train_01980.jpeg,culex
train_01981.jpeg,albopictus
train_01982.jpeg,albopictus
train_01983.jpeg,albopictus
train_01984.jpeg,culex
train_01985.jpeg,culex
train_01986.jpeg,culex
train_01987.jpeg,culex
train_01988.jpeg,culex
train_01989.jpeg,culex
train_01990.jpeg,culex
train_01991.jpeg,culex
train_01992.jpeg,albopictus
train_01993.jpeg,culiseta
train_01994.jpeg,culex
train_01995.jpeg,albopictus
train_01996.jpeg,albopictus
train_01997.jpeg,culex
train_01998.jpeg,albopictus
train_01999.jpeg,albopictus
train_02000.jpeg,albopictus
train_02001.jpeg,culex
train_02002.jpeg,culex
train_02003.jpeg,culex
train_02004.jpeg,culex
train_02005.jpeg,albopictus
train_02006.jpeg,albopictus
train_02007.jpeg,albopictus
train_02008.jpeg,culex
train_02009.jpeg,albopictus
train_02010.jpeg,albopictus
train_02011.jpeg,albopictus
train_02012.jpeg,albopictus
train_02013.jpeg,albopictus
train_02014.jpeg,albopictus
train_02015.jpeg,albopictus
train_02016.jpeg,albopictus
train_02017.jpeg,culex
train_02018.jpeg,culex
train_02019.jpeg,albopictus
train_02020.jpeg,albopictus
train_02021.jpeg,culex
train_02022.jpeg,culex
train_02023.jpeg,culex
train_02024.jpeg,culiseta
train_02025.jpeg,culex
train_02026.jpeg,albopictus
train_02027.jpeg,albopictus
train_02028.jpeg,culex
train_02029.jpeg,culex
train_02030.jpeg,culex
train_02031.jpeg,albopictus
train_02032.jpeg,culex
train_02033.jpeg,culex
train_02034.jpeg,culex
train_02035.jpeg,culex
train_02036.jpeg,culex
train_02037.jpeg,culex
train_02038.jpeg,albopictus
train_02039.jpeg,albopictus
train_02040.jpeg,albopictus
train_02041.jpeg,albopictus
train_02042.jpeg,culex
train_02043.jpeg,culex
train_02044.jpeg,culiseta
train_02045.jpeg,albopictus
train_02046.jpeg,albopictus
train_02047.jpeg,albopictus
train_02048.jpeg,culex
train_02049.jpeg,albopictus
train_02050.jpeg,albopictus
train_02051.jpeg,culex
train_02052.jpeg,albopictus
train_02053.jpeg,culex
train_02054.jpeg,culex
train_02055.jpeg,culex
train_02056.jpeg,albopictus
train_02057.jpeg,albopictus
train_02058.jpeg,albopictus
train_02059.jpeg,albopictus
train_02060.jpeg,culex
train_02061.jpeg,albopictus
train_02062.jpeg,albopictus
train_02063.jpeg,albopictus
train_02064.jpeg,albopictus
train_02065.jpeg,culiseta
train_02066.jpeg,culex
train_02067.jpeg,culex
train_02068.jpeg,albopictus
train_02069.jpeg,culex
train_02070.jpeg,albopictus
train_02071.jpeg,albopictus
train_02072.jpeg,culex
train_02073.jpeg,albopictus
train_02074.jpeg,culex
train_02075.jpeg,albopictus
train_02076.jpeg,albopictus
train_02077.jpeg,culex
train_02078.jpeg,culex
train_02079.jpeg,albopictus
train_02080.jpeg,albopictus
train_02081.jpeg,culex
train_02082.jpeg,culex
train_02083.jpeg,culex
train_02084.jpeg,culex
train_02085.jpeg,albopictus
train_02086.jpeg,albopictus
train_02087.jpeg,albopictus
train_02088.jpeg,culex
train_02089.jpeg,albopictus
train_02090.jpeg,culex
train_02091.jpeg,albopictus
train_02092.jpeg,culex
train_02093.jpeg,albopictus
train_02094.jpeg,culex
train_02095.jpeg,culex
train_02096.jpeg,culex
train_02097.jpeg,aegypti
train_02098.jpeg,albopictus
train_02099.jpeg,albopictus
train_02100.jpeg,albopictus
train_02101.jpeg,culex
train_02102.jpeg,culex
train_02103.jpeg,culex
train_02104.jpeg,culex
train_02105.jpeg,culex
train_02106.jpeg,culex
train_02107.jpeg,albopictus
train_02108.jpeg,albopictus
train_02109.jpeg,albopictus
train_02110.jpeg,culex
train_02111.jpeg,albopictus
train_02112.jpeg,culex
train_02113.jpeg,albopictus
train_02114.jpeg,culex
train_02115.jpeg,albopictus
train_02116.jpeg,albopictus
train_02117.jpeg,albopictus
train_02118.jpeg,albopictus
train_02119.jpeg,culex
train_02120.jpeg,culex
train_02121.jpeg,albopictus
train_02122.jpeg,albopictus
train_02123.jpeg,albopictus
train_02124.jpeg,culex
train_02125.jpeg,albopictus
train_02126.jpeg,albopictus
train_02127.jpeg,culex
train_02128.jpeg,culex
train_02129.jpeg,albopictus
train_02130.jpeg,culex
train_02131.jpeg,albopictus
train_02132.jpeg,culex
train_02133.jpeg,albopictus
train_02134.jpeg,albopictus
train_02135.jpeg,culex
train_02136.jpeg,albopictus
train_02137.jpeg,albopictus
train_02138.jpeg,albopictus
train_02139.jpeg,culex
train_02140.jpeg,albopictus
train_02141.jpeg,albopictus
train_02142.jpeg,culex
train_02143.jpeg,albopictus
train_02144.jpeg,albopictus
train_02145.jpeg,culex
train_02146.jpeg,culex
train_02147.jpeg,albopictus
train_02148.jpeg,culex
train_02149.jpeg,albopictus
train_02150.jpeg,albopictus
train_02151.jpeg,albopictus
train_02152.jpeg,culex
train_02153.jpeg,albopictus
train_02154.jpeg,culex
train_02155.jpeg,albopictus
train_02156.jpeg,culex
train_02157.jpeg,albopictus
train_02158.jpeg,albopictus
train_02159.jpeg,culex
train_02160.jpeg,culex
train_02161.jpeg,culex
train_02162.jpeg,albopictus
train_02163.jpeg,culex
train_02164.jpeg,culex
train_02165.jpeg,albopictus
train_02166.jpeg,albopictus
train_02167.jpeg,culiseta
train_02168.jpeg,albopictus
train_02169.jpeg,albopictus
train_02170.jpeg,albopictus
train_02171.jpeg,albopictus
train_02172.jpeg,albopictus
train_02173.jpeg,culex
train_02174.jpeg,culex
train_02175.jpeg,culex
train_02176.jpeg,culex
train_02177.jpeg,albopictus
train_02178.jpeg,albopictus
train_02179.jpeg,albopictus
train_02180.jpeg,albopictus
train_02181.jpeg,culex
train_02182.jpeg,albopictus
train_02183.jpeg,culex
train_02184.jpeg,albopictus
train_02185.jpeg,albopictus
train_02186.jpeg,albopictus
train_02187.jpeg,albopictus
train_02188.jpeg,albopictus
train_02189.jpeg,albopictus
train_02190.jpeg,albopictus
train_02191.jpeg,albopictus
train_02192.jpeg,albopictus
train_02193.jpeg,albopictus
train_02194.jpeg,albopictus
train_02195.jpeg,albopictus
train_02196.jpeg,culex
train_02197.jpeg,culex
train_02198.jpeg,culex
train_02199.jpeg,culex
train_02200.jpeg,albopictus
train_02201.jpeg,albopictus
train_02202.jpeg,culex
train_02203.jpeg,albopictus
train_02204.jpeg,albopictus
train_02205.jpeg,culex
train_02206.jpeg,albopictus
train_02207.jpeg,albopictus
train_02208.jpeg,culex
train_02209.jpeg,culex
train_02210.jpeg,culex
train_02211.jpeg,albopictus
train_02212.jpeg,albopictus
train_02213.jpeg,albopictus
train_02214.jpeg,albopictus
train_02215.jpeg,culex
train_02216.jpeg,albopictus
train_02217.jpeg,culex
train_02218.jpeg,culex
train_02219.jpeg,albopictus
train_02220.jpeg,culex
train_02221.jpeg,culex
train_02222.jpeg,culex
train_02223.jpeg,albopictus
train_02224.jpeg,albopictus
train_02225.jpeg,albopictus
train_02226.jpeg,albopictus
train_02227.jpeg,albopictus
train_02228.jpeg,culex
train_02229.jpeg,albopictus
train_02230.jpeg,albopictus
train_02231.jpeg,albopictus
train_02232.jpeg,albopictus
train_02233.jpeg,albopictus
train_02234.jpeg,culex
train_02235.jpeg,albopictus
train_02236.jpeg,albopictus
train_02237.jpeg,culex
train_02238.jpeg,culex
train_02239.jpeg,culex
train_02240.jpeg,culex
train_02241.jpeg,albopictus
train_02242.jpeg,culex
train_02243.jpeg,albopictus
train_02244.jpeg,culex
train_02245.jpeg,culex
train_02246.jpeg,albopictus
train_02247.jpeg,albopictus
train_02248.jpeg,albopictus
train_02249.jpeg,culex
train_02250.jpeg,culex
train_02251.jpeg,albopictus
train_02252.jpeg,albopictus
train_02253.jpeg,culex
train_02254.jpeg,albopictus
train_02255.jpeg,culex
train_02256.jpeg,albopictus
train_02257.jpeg,albopictus
train_02258.jpeg,albopictus
train_02259.jpeg,aegypti
train_02260.jpeg,albopictus
train_02261.jpeg,culex
train_02262.jpeg,albopictus
train_02263.jpeg,culex
train_02264.jpeg,albopictus
train_02265.jpeg,culex
train_02266.jpeg,culex
train_02267.jpeg,albopictus
train_02268.jpeg,culex
train_02269.jpeg,culex
train_02270.jpeg,albopictus
train_02271.jpeg,albopictus
train_02272.jpeg,albopictus
train_02273.jpeg,albopictus
train_02274.jpeg,culex
train_02275.jpeg,albopictus
train_02276.jpeg,culex
train_02277.jpeg,albopictus
train_02278.jpeg,culex
train_02279.jpeg,culex
train_02280.jpeg,albopictus
train_02281.jpeg,culex
train_02282.jpeg,albopictus
train_02283.jpeg,albopictus
train_02284.jpeg,culex
train_02285.jpeg,culex
train_02286.jpeg,albopictus
train_02287.jpeg,albopictus
train_02288.jpeg,albopictus
train_02289.jpeg,albopictus
train_02290.jpeg,albopictus
train_02291.jpeg,albopictus
train_02292.jpeg,culex
train_02293.jpeg,albopictus
train_02294.jpeg,albopictus
train_02295.jpeg,albopictus
train_02296.jpeg,albopictus
train_02297.jpeg,culex
train_02298.jpeg,albopictus
train_02299.jpeg,albopictus
train_02300.jpeg,albopictus
train_02301.jpeg,culex
train_02302.jpeg,albopictus
train_02303.jpeg,albopictus
train_02304.jpeg,albopictus
train_02305.jpeg,culex
train_02306.jpeg,culex
train_02307.jpeg,culex
train_02308.jpeg,albopictus
train_02309.jpeg,culex
train_02310.jpeg,culex
train_02311.jpeg,albopictus
train_02312.jpeg,albopictus
train_02313.jpeg,culex
train_02314.jpeg,culex
train_02315.jpeg,albopictus
train_02316.jpeg,albopictus
train_02317.jpeg,albopictus
train_02318.jpeg,albopictus
train_02319.jpeg,albopictus
train_02320.jpeg,albopictus
train_02321.jpeg,culex
train_02322.jpeg,albopictus
train_02323.jpeg,culex
train_02324.jpeg,culex
train_02325.jpeg,culex
train_02326.jpeg,culex
train_02327.jpeg,culex
train_02328.jpeg,culex
train_02329.jpeg,culex
train_02330.jpeg,albopictus
train_02331.jpeg,culex
train_02332.jpeg,albopictus
train_02333.jpeg,culex
train_02334.jpeg,albopictus
train_02335.jpeg,culex
train_02336.jpeg,albopictus
train_02337.jpeg,albopictus
train_02338.jpeg,culex
train_02339.jpeg,culex
train_02340.jpeg,albopictus
train_02341.jpeg,albopictus
train_02342.jpeg,culex
train_02343.jpeg,albopictus
train_02344.jpeg,culex
train_02345.jpeg,albopictus
train_02346.jpeg,albopictus
train_02347.jpeg,culex
train_02348.jpeg,culex
train_02349.jpeg,culex
train_02350.jpeg,albopictus
train_02351.jpeg,albopictus
train_02352.jpeg,albopictus
train_02353.jpeg,albopictus
train_02354.jpeg,albopictus
train_02355.jpeg,albopictus
train_02356.jpeg,culex
train_02357.jpeg,albopictus
train_02358.jpeg,albopictus
train_02359.jpeg,albopictus
train_02360.jpeg,albopictus
train_02361.jpeg,albopictus
train_02362.jpeg,culex
train_02363.jpeg,culex
train_02364.jpeg,albopictus
train_02365.jpeg,albopictus
train_02366.jpeg,albopictus
train_02367.jpeg,albopictus
train_02368.jpeg,culex
train_02369.jpeg,culex
train_02370.jpeg,albopictus
train_02371.jpeg,albopictus
train_02372.jpeg,albopictus
train_02373.jpeg,albopictus
train_02374.jpeg,albopictus
train_02375.jpeg,albopictus
train_02376.jpeg,albopictus
train_02377.jpeg,culex
train_02378.jpeg,albopictus
train_02379.jpeg,culex
train_02380.jpeg,albopictus
train_02381.jpeg,albopictus
train_02382.jpeg,culex
train_02383.jpeg,albopictus
train_02384.jpeg,albopictus
train_02385.jpeg,culex
train_02386.jpeg,albopictus
train_02387.jpeg,albopictus
train_02388.jpeg,albopictus
train_02389.jpeg,albopictus
train_02390.jpeg,albopictus
train_02391.jpeg,albopictus
train_02392.jpeg,albopictus
train_02393.jpeg,culex
train_02394.jpeg,albopictus
train_02395.jpeg,culex
train_02396.jpeg,culex
train_02397.jpeg,albopictus
train_02398.jpeg,albopictus
train_02399.jpeg,culex
train_02400.jpeg,albopictus
train_02401.jpeg,albopictus
train_02402.jpeg,culex
train_02403.jpeg,albopictus
train_02404.jpeg,albopictus
train_02405.jpeg,albopictus
train_02406.jpeg,albopictus
train_02407.jpeg,culex
train_02408.jpeg,culex
train_02409.jpeg,albopictus
train_02410.jpeg,culex
train_02411.jpeg,albopictus
train_02412.jpeg,culex
train_02413.jpeg,albopictus
train_02414.jpeg,albopictus
train_02415.jpeg,albopictus
train_02416.jpeg,albopictus
train_02417.jpeg,culex
train_02418.jpeg,culex
train_02419.jpeg,culex
train_02420.jpeg,culex
train_02421.jpeg,albopictus
train_02422.jpeg,culex
train_02423.jpeg,culex
train_02424.jpeg,culex
train_02425.jpeg,albopictus
train_02426.jpeg,albopictus
train_02427.jpeg,albopictus
train_02428.jpeg,culex
train_02429.jpeg,albopictus
train_02430.jpeg,culex
train_02431.jpeg,albopictus
train_02432.jpeg,albopictus
train_02433.jpeg,albopictus
train_02434.jpeg,albopictus
train_02435.jpeg,albopictus
train_02436.jpeg,albopictus
train_02437.jpeg,culex
train_02438.jpeg,albopictus
train_02439.jpeg,culex
train_02440.jpeg,albopictus
train_02441.jpeg,albopictus
train_02442.jpeg,culex
train_02443.jpeg,culex
train_02444.jpeg,culex
train_02445.jpeg,albopictus
train_02446.jpeg,albopictus
train_02447.jpeg,albopictus
train_02448.jpeg,culex
train_02449.jpeg,culex
train_02450.jpeg,culex
train_02451.jpeg,culex
train_02452.jpeg,albopictus
train_02453.jpeg,albopictus
train_02454.jpeg,albopictus
train_02455.jpeg,albopictus
train_02456.jpeg,albopictus
train_02457.jpeg,culex
train_02458.jpeg,culex
train_02459.jpeg,culex
train_02460.jpeg,albopictus
train_02461.jpeg,culex
train_02462.jpeg,culex
train_02463.jpeg,culex
train_02464.jpeg,culex
train_02465.jpeg,culex
train_02466.jpeg,albopictus
train_02467.jpeg,albopictus
train_02468.jpeg,culex
train_02469.jpeg,culex
train_02470.jpeg,culex
train_02471.jpeg,culex
train_02472.jpeg,albopictus
train_02473.jpeg,albopictus
train_02474.jpeg,albopictus
train_02475.jpeg,albopictus
train_02476.jpeg,albopictus
train_02477.jpeg,albopictus
train_02478.jpeg,albopictus
train_02479.jpeg,albopictus
train_02480.jpeg,albopictus
train_02481.jpeg,culex
train_02482.jpeg,albopictus
train_02483.jpeg,culex
train_02484.jpeg,albopictus
train_02485.jpeg,albopictus
train_02486.jpeg,albopictus
train_02487.jpeg,albopictus
train_02488.jpeg,culex
train_02489.jpeg,albopictus
train_02490.jpeg,culex
train_02491.jpeg,albopictus
train_02492.jpeg,culex
train_02493.jpeg,albopictus
train_02494.jpeg,albopictus
train_02495.jpeg,albopictus
train_02496.jpeg,culex
train_02497.jpeg,albopictus
train_02498.jpeg,culex
train_02499.jpeg,albopictus
train_02500.jpeg,culex
train_02501.jpeg,albopictus
train_02502.jpeg,albopictus
train_02503.jpeg,albopictus
train_02504.jpeg,albopictus
train_02505.jpeg,albopictus
train_02506.jpeg,culex
train_02507.jpeg,albopictus
train_02508.jpeg,albopictus
train_02509.jpeg,albopictus
train_02510.jpeg,culex
train_02511.jpeg,albopictus
train_02512.jpeg,albopictus
train_02513.jpeg,culex
train_02514.jpeg,albopictus
train_02515.jpeg,albopictus
train_02516.jpeg,albopictus
train_02517.jpeg,albopictus
train_02518.jpeg,albopictus
train_02519.jpeg,albopictus
train_02520.jpeg,culex
train_02521.jpeg,albopictus
train_02522.jpeg,culex
train_02523.jpeg,culex
train_02524.jpeg,albopictus
train_02525.jpeg,culex
train_02526.jpeg,culex
train_02527.jpeg,albopictus
train_02528.jpeg,albopictus
train_02529.jpeg,albopictus
train_02530.jpeg,culex
train_02531.jpeg,albopictus
train_02532.jpeg,albopictus
train_02533.jpeg,albopictus
train_02534.jpeg,albopictus
train_02535.jpeg,culex
train_02536.jpeg,culex
train_02537.jpeg,albopictus
train_02538.jpeg,albopictus
train_02539.jpeg,culex
train_02540.jpeg,culex
train_02541.jpeg,culex
train_02542.jpeg,albopictus
train_02543.jpeg,culex
train_02544.jpeg,culex
train_02545.jpeg,culex
train_02546.jpeg,albopictus
train_02547.jpeg,albopictus
train_02548.jpeg,culex
train_02549.jpeg,culex
train_02550.jpeg,culex
train_02551.jpeg,culex
train_02552.jpeg,albopictus
train_02553.jpeg,albopictus
train_02554.jpeg,culex
train_02555.jpeg,culex
train_02556.jpeg,albopictus
train_02557.jpeg,albopictus
train_02558.jpeg,albopictus
train_02559.jpeg,culex
train_02560.jpeg,albopictus
train_02561.jpeg,albopictus
train_02562.jpeg,culex
train_02563.jpeg,albopictus
train_02564.jpeg,culex
train_02565.jpeg,culex
train_02566.jpeg,culex
train_02567.jpeg,culex
train_02568.jpeg,culex
train_02569.jpeg,culex
train_02570.jpeg,albopictus
train_02571.jpeg,albopictus
train_02572.jpeg,culex
train_02573.jpeg,albopictus
train_02574.jpeg,albopictus
train_02575.jpeg,culex
train_02576.jpeg,culex
train_02577.jpeg,albopictus
train_02578.jpeg,albopictus
train_02579.jpeg,albopictus
train_02580.jpeg,culex
train_02581.jpeg,culex
train_02582.jpeg,culex
train_02583.jpeg,culex
train_02584.jpeg,albopictus
train_02585.jpeg,culex
train_02586.jpeg,culex
train_02587.jpeg,culex
train_02588.jpeg,albopictus
train_02589.jpeg,culex
train_02590.jpeg,culex
train_02591.jpeg,albopictus
train_02592.jpeg,culex
train_02593.jpeg,culex
train_02594.jpeg,culex
train_02595.jpeg,culex
train_02596.jpeg,culex
train_02597.jpeg,albopictus
train_02598.jpeg,culex
train_02599.jpeg,albopictus
train_02600.jpeg,albopictus
train_02601.jpeg,albopictus
train_02602.jpeg,albopictus
train_02603.jpeg,albopictus
train_02604.jpeg,culex
train_02605.jpeg,albopictus
train_02606.jpeg,culex
train_02607.jpeg,albopictus
train_02608.jpeg,albopictus
train_02609.jpeg,albopictus
train_02610.jpeg,culex
train_02611.jpeg,culex
train_02612.jpeg,culex
train_02613.jpeg,albopictus
train_02614.jpeg,albopictus
train_02615.jpeg,albopictus
train_02616.jpeg,albopictus
train_02617.jpeg,albopictus
train_02618.jpeg,albopictus
train_02619.jpeg,albopictus
train_02620.jpeg,culex
train_02621.jpeg,culex
train_02622.jpeg,culex
train_02623.jpeg,culex
train_02624.jpeg,culex
train_02625.jpeg,culex
train_02626.jpeg,culex
train_02627.jpeg,albopictus
train_02628.jpeg,albopictus
train_02629.jpeg,albopictus
train_02630.jpeg,albopictus
train_02631.jpeg,culex
train_02632.jpeg,albopictus
train_02633.jpeg,albopictus
train_02634.jpeg,culex
train_02635.jpeg,albopictus
train_02636.jpeg,albopictus
train_02637.jpeg,culex
train_02638.jpeg,albopictus
train_02639.jpeg,culex
train_02640.jpeg,culex
train_02641.jpeg,albopictus
train_02642.jpeg,albopictus
train_02643.jpeg,albopictus
train_02644.jpeg,albopictus
train_02645.jpeg,albopictus
train_02646.jpeg,culex
train_02647.jpeg,culex
train_02648.jpeg,albopictus
train_02649.jpeg,culex
train_02650.jpeg,culex
train_02651.jpeg,culex
train_02652.jpeg,culex
train_02653.jpeg,albopictus
train_02654.jpeg,albopictus
train_02655.jpeg,albopictus
train_02656.jpeg,albopictus
train_02657.jpeg,culex
train_02658.jpeg,culex
train_02659.jpeg,albopictus
train_02660.jpeg,albopictus
train_02661.jpeg,culex
train_02662.jpeg,culiseta
train_02663.jpeg,albopictus
train_02664.jpeg,culex
train_02665.jpeg,albopictus
train_02666.jpeg,albopictus
train_02667.jpeg,albopictus
train_02668.jpeg,culiseta
train_02669.jpeg,albopictus
train_02670.jpeg,albopictus
train_02671.jpeg,albopictus
train_02672.jpeg,albopictus
train_02673.jpeg,culex
train_02674.jpeg,albopictus
train_02675.jpeg,albopictus
train_02676.jpeg,culex
train_02677.jpeg,albopictus
train_02678.jpeg,culex
train_02679.jpeg,culex
train_02680.jpeg,albopictus
train_02681.jpeg,albopictus
train_02682.jpeg,culex
train_02683.jpeg,culex
train_02684.jpeg,albopictus
train_02685.jpeg,albopictus
train_02686.jpeg,albopictus
train_02687.jpeg,albopictus
train_02688.jpeg,albopictus
train_02689.jpeg,albopictus
train_02690.jpeg,albopictus
train_02691.jpeg,culex
train_02692.jpeg,albopictus
train_02693.jpeg,culex
train_02694.jpeg,culex
train_02695.jpeg,culex
train_02696.jpeg,culex
train_02697.jpeg,albopictus
train_02698.jpeg,culex
train_02699.jpeg,albopictus
train_02700.jpeg,albopictus
train_02701.jpeg,albopictus
train_02702.jpeg,culex
train_02703.jpeg,culex
train_02704.jpeg,albopictus
train_02705.jpeg,culex
train_02706.jpeg,culex
train_02707.jpeg,albopictus
train_02708.jpeg,culex
train_02709.jpeg,albopictus
train_02710.jpeg,albopictus
train_02711.jpeg,albopictus
train_02712.jpeg,albopictus
train_02713.jpeg,albopictus
train_02714.jpeg,albopictus
train_02715.jpeg,albopictus
train_02716.jpeg,albopictus
train_02717.jpeg,culex
train_02718.jpeg,culex
train_02719.jpeg,culex
train_02720.jpeg,albopictus
train_02721.jpeg,albopictus
train_02722.jpeg,albopictus
train_02723.jpeg,albopictus
train_02724.jpeg,albopictus
train_02725.jpeg,culex
train_02726.jpeg,culex
train_02727.jpeg,culex
train_02728.jpeg,albopictus
train_02729.jpeg,culex
train_02730.jpeg,albopictus
train_02731.jpeg,albopictus
train_02732.jpeg,albopictus
train_02733.jpeg,culex
train_02734.jpeg,culex
train_02735.jpeg,culex
train_02736.jpeg,albopictus
train_02737.jpeg,albopictus
train_02738.jpeg,culiseta
train_02739.jpeg,culex
train_02740.jpeg,albopictus
train_02741.jpeg,albopictus
train_02742.jpeg,albopictus
train_02743.jpeg,albopictus
train_02744.jpeg,albopictus
train_02745.jpeg,albopictus
train_02746.jpeg,culex
train_02747.jpeg,albopictus
train_02748.jpeg,culex
train_02749.jpeg,culex
train_02750.jpeg,culex
train_02751.jpeg,culex
train_02752.jpeg,culex
train_02753.jpeg,albopictus
train_02754.jpeg,albopictus
train_02755.jpeg,albopictus
train_02756.jpeg,culex
train_02757.jpeg,culex
train_02758.jpeg,culex
train_02759.jpeg,albopictus
train_02760.jpeg,albopictus
train_02761.jpeg,culex
train_02762.jpeg,albopictus
train_02763.jpeg,aegypti
train_02764.jpeg,culex
train_02765.jpeg,albopictus
train_02766.jpeg,albopictus
train_02767.jpeg,albopictus
train_02768.jpeg,culiseta
train_02769.jpeg,albopictus
train_02770.jpeg,albopictus
train_02771.jpeg,culex
train_02772.jpeg,culex
train_02773.jpeg,albopictus
train_02774.jpeg,culex
train_02775.jpeg,culex
train_02776.jpeg,culex
train_02777.jpeg,albopictus
train_02778.jpeg,albopictus
train_02779.jpeg,albopictus
train_02780.jpeg,culex
train_02781.jpeg,culex
train_02782.jpeg,albopictus
train_02783.jpeg,culex
train_02784.jpeg,culex
train_02785.jpeg,albopictus
train_02786.jpeg,culex
train_02787.jpeg,culex
train_02788.jpeg,culex
train_02789.jpeg,culex
train_02790.jpeg,albopictus
train_02791.jpeg,albopictus
train_02792.jpeg,albopictus
train_02793.jpeg,albopictus
train_02794.jpeg,culex
train_02795.jpeg,albopictus
train_02796.jpeg,albopictus
train_02797.jpeg,albopictus
train_02798.jpeg,albopictus
train_02799.jpeg,albopictus
train_02800.jpeg,culex
train_02801.jpeg,albopictus
train_02802.jpeg,albopictus
train_02803.jpeg,culex
train_02804.jpeg,albopictus
train_02805.jpeg,albopictus
train_02806.jpeg,albopictus
train_02807.jpeg,culex
train_02808.jpeg,albopictus
train_02809.jpeg,albopictus
train_02810.jpeg,albopictus
train_02811.jpeg,culex
train_02812.jpeg,culex
train_02813.jpeg,culex
train_02814.jpeg,albopictus
train_02815.jpeg,culex
train_02816.jpeg,culex
train_02817.jpeg,albopictus
train_02818.jpeg,culex
train_02819.jpeg,culex
train_02820.jpeg,albopictus
train_02821.jpeg,albopictus
train_02822.jpeg,culex
train_02823.jpeg,culiseta
train_02824.jpeg,culex
train_02825.jpeg,albopictus
train_02826.jpeg,albopictus
train_02827.jpeg,culex
train_02828.jpeg,culex
train_02829.jpeg,albopictus
train_02830.jpeg,albopictus
train_02831.jpeg,albopictus
train_02832.jpeg,albopictus
train_02833.jpeg,culex
train_02834.jpeg,albopictus
train_02835.jpeg,culex
train_02836.jpeg,albopictus
train_02837.jpeg,albopictus
train_02838.jpeg,albopictus
train_02839.jpeg,culex
train_02840.jpeg,culiseta
train_02841.jpeg,albopictus
train_02842.jpeg,albopictus
train_02843.jpeg,culex
train_02844.jpeg,albopictus
train_02845.jpeg,culex
train_02846.jpeg,culex
train_02847.jpeg,culex
train_02848.jpeg,culex
train_02849.jpeg,albopictus
train_02850.jpeg,culex
train_02851.jpeg,albopictus
train_02852.jpeg,albopictus
train_02853.jpeg,albopictus
train_02854.jpeg,albopictus
train_02855.jpeg,albopictus
train_02856.jpeg,culex
train_02857.jpeg,albopictus
train_02858.jpeg,culex
train_02859.jpeg,albopictus
train_02860.jpeg,culex
train_02861.jpeg,culex
train_02862.jpeg,culex
train_02863.jpeg,culex
train_02864.jpeg,culex
train_02865.jpeg,culex
train_02866.jpeg,culex
train_02867.jpeg,albopictus
train_02868.jpeg,culex
train_02869.jpeg,culex
train_02870.jpeg,culex
train_02871.jpeg,culex
train_02872.jpeg,albopictus
train_02873.jpeg,culex
train_02874.jpeg,albopictus
train_02875.jpeg,culex
train_02876.jpeg,culex
train_02877.jpeg,culex
train_02878.jpeg,albopictus
train_02879.jpeg,albopictus
train_02880.jpeg,culex
train_02881.jpeg,culex
train_02882.jpeg,albopictus
train_02883.jpeg,albopictus
train_02884.jpeg,albopictus
train_02885.jpeg,albopictus
train_02886.jpeg,albopictus
train_02887.jpeg,albopictus
train_02888.jpeg,culex
train_02889.jpeg,albopictus
train_02890.jpeg,albopictus
train_02891.jpeg,culex
train_02892.jpeg,culex
train_02893.jpeg,albopictus
train_02894.jpeg,albopictus
train_02895.jpeg,culex
train_02896.jpeg,albopictus
train_02897.jpeg,albopictus
train_02898.jpeg,culex
train_02899.jpeg,albopictus
train_02900.jpeg,albopictus
train_02901.jpeg,culex
train_02902.jpeg,albopictus
train_02903.jpeg,culex
train_02904.jpeg,albopictus
train_02905.jpeg,culex
train_02906.jpeg,culex
train_02907.jpeg,culex
train_02908.jpeg,culex
train_02909.jpeg,albopictus
train_02910.jpeg,culex
train_02911.jpeg,albopictus
train_02912.jpeg,albopictus
train_02913.jpeg,albopictus
train_02914.jpeg,culex
train_02915.jpeg,albopictus
train_02916.jpeg,albopictus
train_02917.jpeg,albopictus
train_02918.jpeg,culex
train_02919.jpeg,albopictus
train_02920.jpeg,culex
train_02921.jpeg,culex
train_02922.jpeg,albopictus
train_02923.jpeg,albopictus
train_02924.jpeg,albopictus
train_02925.jpeg,culex
train_02926.jpeg,albopictus
train_02927.jpeg,culex
train_02928.jpeg,albopictus
train_02929.jpeg,culex
train_02930.jpeg,culex
train_02931.jpeg,albopictus
train_02932.jpeg,culex
train_02933.jpeg,albopictus
train_02934.jpeg,albopictus
train_02935.jpeg,culex
train_02936.jpeg,culex
train_02937.jpeg,albopictus
train_02938.jpeg,albopictus
train_02939.jpeg,albopictus
train_02940.jpeg,albopictus
train_02941.jpeg,albopictus
train_02942.jpeg,albopictus
train_02943.jpeg,albopictus
train_02944.jpeg,culex
train_02945.jpeg,albopictus
train_02946.jpeg,culex
train_02947.jpeg,culex
train_02948.jpeg,albopictus
train_02949.jpeg,culex
train_02950.jpeg,culex
train_02951.jpeg,albopictus
train_02952.jpeg,albopictus
train_02953.jpeg,culex
train_02954.jpeg,culex
train_02955.jpeg,albopictus
train_02956.jpeg,albopictus
train_02957.jpeg,culex
train_02958.jpeg,albopictus
train_02959.jpeg,culex
train_02960.jpeg,culex
train_02961.jpeg,culex
train_02962.jpeg,albopictus
train_02963.jpeg,albopictus
train_02964.jpeg,culex
train_02965.jpeg,culex
train_02966.jpeg,culex
train_02967.jpeg,culex
train_02968.jpeg,albopictus
train_02969.jpeg,albopictus
train_02970.jpeg,culex
train_02971.jpeg,culex
train_02972.jpeg,albopictus
train_02973.jpeg,albopictus
train_02974.jpeg,albopictus
train_02975.jpeg,culex
train_02976.jpeg,culex
train_02977.jpeg,albopictus
train_02978.jpeg,albopictus
train_02979.jpeg,albopictus
train_02980.jpeg,albopictus
train_02981.jpeg,culex
train_02982.jpeg,albopictus
train_02983.jpeg,culex
train_02984.jpeg,culex
train_02985.jpeg,albopictus
train_02986.jpeg,albopictus
train_02987.jpeg,albopictus
train_02988.jpeg,albopictus
train_02989.jpeg,culex
train_02990.jpeg,albopictus
train_02991.jpeg,culex
train_02992.jpeg,albopictus
train_02993.jpeg,culex
train_02994.jpeg,culex
train_02995.jpeg,culex
train_02996.jpeg,albopictus
train_02997.jpeg,albopictus
train_02998.jpeg,albopictus
train_02999.jpeg,culex
train_03000.jpeg,albopictus
train_03001.jpeg,albopictus
train_03002.jpeg,culex
train_03003.jpeg,albopictus
train_03004.jpeg,albopictus
train_03005.jpeg,albopictus
train_03006.jpeg,albopictus
train_03007.jpeg,culex
train_03008.jpeg,culex
train_03009.jpeg,albopictus
train_03010.jpeg,albopictus
train_03011.jpeg,albopictus
train_03012.jpeg,culex
train_03013.jpeg,albopictus
train_03014.jpeg,albopictus
train_03015.jpeg,culex
train_03016.jpeg,albopictus
train_03017.jpeg,culex
train_03018.jpeg,culex
train_03019.jpeg,albopictus
train_03020.jpeg,albopictus
train_03021.jpeg,albopictus
train_03022.jpeg,albopictus
train_03023.jpeg,albopictus
train_03024.jpeg,culex
train_03025.jpeg,culex
train_03026.jpeg,albopictus
train_03027.jpeg,albopictus
train_03028.jpeg,culiseta
train_03029.jpeg,albopictus
train_03030.jpeg,culex
train_03031.jpeg,albopictus
train_03032.jpeg,albopictus
train_03033.jpeg,albopictus
train_03034.jpeg,culex
train_03035.jpeg,culex
train_03036.jpeg,albopictus
train_03037.jpeg,albopictus
train_03038.jpeg,albopictus
train_03039.jpeg,culex
train_03040.jpeg,culex
train_03041.jpeg,culex
train_03042.jpeg,culex
train_03043.jpeg,culex
train_03044.jpeg,culex
train_03045.jpeg,albopictus
train_03046.jpeg,culex
train_03047.jpeg,albopictus
train_03048.jpeg,culex
train_03049.jpeg,albopictus
train_03050.jpeg,albopictus
train_03051.jpeg,culex
train_03052.jpeg,albopictus
train_03053.jpeg,albopictus
train_03054.jpeg,culiseta
train_03055.jpeg,albopictus
train_03056.jpeg,culex
train_03057.jpeg,albopictus
train_03058.jpeg,culex
train_03059.jpeg,culex
train_03060.jpeg,albopictus
train_03061.jpeg,albopictus
train_03062.jpeg,culex
train_03063.jpeg,culex
train_03064.jpeg,culex
train_03065.jpeg,albopictus
train_03066.jpeg,culex
train_03067.jpeg,culex
train_03068.jpeg,culex
train_03069.jpeg,albopictus
train_03070.jpeg,albopictus
train_03071.jpeg,albopictus
train_03072.jpeg,culex
train_03073.jpeg,culex
train_03074.jpeg,culex
train_03075.jpeg,culex
train_03076.jpeg,albopictus
train_03077.jpeg,albopictus
train_03078.jpeg,culex
train_03079.jpeg,culex
train_03080.jpeg,albopictus
train_03081.jpeg,albopictus
train_03082.jpeg,culex
train_03083.jpeg,albopictus
train_03084.jpeg,culex
train_03085.jpeg,culex
train_03086.jpeg,albopictus
train_03087.jpeg,culex
train_03088.jpeg,culex
train_03089.jpeg,albopictus
train_03090.jpeg,albopictus
train_03091.jpeg,culiseta
train_03092.jpeg,culex
train_03093.jpeg,albopictus
train_03094.jpeg,albopictus
train_03095.jpeg,albopictus
train_03096.jpeg,albopictus
train_03097.jpeg,culex
train_03098.jpeg,albopictus
train_03099.jpeg,albopictus
train_03100.jpeg,albopictus
train_03101.jpeg,culex
train_03102.jpeg,albopictus
train_03103.jpeg,albopictus
train_03104.jpeg,albopictus
train_03105.jpeg,culex
train_03106.jpeg,albopictus
train_03107.jpeg,albopictus
train_03108.jpeg,culex
train_03109.jpeg,albopictus
train_03110.jpeg,culex
train_03111.jpeg,albopictus
train_03112.jpeg,albopictus
train_03113.jpeg,culiseta
train_03114.jpeg,albopictus
train_03115.jpeg,albopictus
train_03116.jpeg,culex
train_03117.jpeg,culiseta
train_03118.jpeg,culex
train_03119.jpeg,culex
train_03120.jpeg,albopictus
train_03121.jpeg,albopictus
train_03122.jpeg,culex
train_03123.jpeg,culex
train_03124.jpeg,albopictus
train_03125.jpeg,culex
train_03126.jpeg,albopictus
train_03127.jpeg,albopictus
train_03128.jpeg,albopictus
train_03129.jpeg,culex
train_03130.jpeg,albopictus
train_03131.jpeg,culex
train_03132.jpeg,albopictus
train_03133.jpeg,culex
train_03134.jpeg,albopictus
train_03135.jpeg,culex
train_03136.jpeg,albopictus
train_03137.jpeg,albopictus
train_03138.jpeg,albopictus
train_03139.jpeg,albopictus
train_03140.jpeg,albopictus
train_03141.jpeg,albopictus
train_03142.jpeg,culex
train_03143.jpeg,culex
train_03144.jpeg,culex
train_03145.jpeg,culiseta
train_03146.jpeg,culex
train_03147.jpeg,culex
train_03148.jpeg,culex
train_03149.jpeg,culex
train_03150.jpeg,culex
train_03151.jpeg,albopictus
train_03152.jpeg,albopictus
train_03153.jpeg,culex
train_03154.jpeg,albopictus
train_03155.jpeg,albopictus
train_03156.jpeg,culex
train_03157.jpeg,culex
train_03158.jpeg,albopictus
train_03159.jpeg,albopictus
train_03160.jpeg,culex
train_03161.jpeg,albopictus
train_03162.jpeg,culex
train_03163.jpeg,culex
train_03164.jpeg,culex
train_03165.jpeg,culex
train_03166.jpeg,culex
train_03167.jpeg,albopictus
train_03168.jpeg,culex
train_03169.jpeg,albopictus
train_03170.jpeg,culex
train_03171.jpeg,culex
train_03172.jpeg,culex
train_03173.jpeg,culex
train_03174.jpeg,culex
train_03175.jpeg,culex
train_03176.jpeg,culex
train_03177.jpeg,albopictus
train_03178.jpeg,culex
train_03179.jpeg,culex
train_03180.jpeg,albopictus
train_03181.jpeg,albopictus
train_03182.jpeg,culex
train_03183.jpeg,albopictus
train_03184.jpeg,culex
train_03185.jpeg,albopictus
train_03186.jpeg,culex
train_03187.jpeg,albopictus
train_03188.jpeg,culex
train_03189.jpeg,culex
train_03190.jpeg,culex
train_03191.jpeg,culex
train_03192.jpeg,albopictus
train_03193.jpeg,albopictus
train_03194.jpeg,albopictus
train_03195.jpeg,albopictus
train_03196.jpeg,albopictus
train_03197.jpeg,albopictus
train_03198.jpeg,culex
train_03199.jpeg,culex
train_03200.jpeg,albopictus
train_03201.jpeg,culex
train_03202.jpeg,albopictus
train_03203.jpeg,culex
train_03204.jpeg,albopictus
train_03205.jpeg,albopictus
train_03206.jpeg,culex
train_03207.jpeg,albopictus
train_03208.jpeg,albopictus
train_03209.jpeg,albopictus
train_03210.jpeg,culex
train_03211.jpeg,albopictus
train_03212.jpeg,culex
train_03213.jpeg,culex
train_03214.jpeg,albopictus
train_03215.jpeg,albopictus
train_03216.jpeg,albopictus
train_03217.jpeg,albopictus
train_03218.jpeg,culex
train_03219.jpeg,albopictus
train_03220.jpeg,albopictus
train_03221.jpeg,culex
train_03222.jpeg,culex
train_03223.jpeg,albopictus
train_03224.jpeg,culex
train_03225.jpeg,albopictus
train_03226.jpeg,albopictus
train_03227.jpeg,albopictus
train_03228.jpeg,culex
train_03229.jpeg,albopictus
train_03230.jpeg,albopictus
train_03231.jpeg,albopictus
train_03232.jpeg,culex
train_03233.jpeg,albopictus
train_03234.jpeg,culex
train_03235.jpeg,albopictus
train_03236.jpeg,culex
train_03237.jpeg,culex
train_03238.jpeg,culex
train_03239.jpeg,culex
train_03240.jpeg,albopictus
train_03241.jpeg,culex
train_03242.jpeg,albopictus
train_03243.jpeg,albopictus
train_03244.jpeg,culex
train_03245.jpeg,albopictus
train_03246.jpeg,albopictus
train_03247.jpeg,albopictus
train_03248.jpeg,albopictus
train_03249.jpeg,culex
train_03250.jpeg,albopictus
train_03251.jpeg,albopictus
train_03252.jpeg,culex
train_03253.jpeg,culex
train_03254.jpeg,culex
train_03255.jpeg,culiseta
train_03256.jpeg,albopictus
train_03257.jpeg,albopictus
train_03258.jpeg,culex
train_03259.jpeg,albopictus
train_03260.jpeg,culex
train_03261.jpeg,culex
train_03262.jpeg,albopictus
train_03263.jpeg,albopictus
train_03264.jpeg,culex
train_03265.jpeg,culex
train_03266.jpeg,albopictus
train_03267.jpeg,culiseta
train_03268.jpeg,albopictus
train_03269.jpeg,culex
train_03270.jpeg,culex
train_03271.jpeg,albopictus
train_03272.jpeg,albopictus
train_03273.jpeg,albopictus
train_03274.jpeg,albopictus
train_03275.jpeg,culex
train_03276.jpeg,culex
train_03277.jpeg,albopictus
train_03278.jpeg,culex
train_03279.jpeg,culex
train_03280.jpeg,culex
train_03281.jpeg,culex
train_03282.jpeg,albopictus
train_03283.jpeg,albopictus
train_03284.jpeg,culex
train_03285.jpeg,culex
train_03286.jpeg,culex
train_03287.jpeg,albopictus
train_03288.jpeg,culex
train_03289.jpeg,albopictus
train_03290.jpeg,culex
train_03291.jpeg,culex
train_03292.jpeg,albopictus
train_03293.jpeg,albopictus
train_03294.jpeg,albopictus
train_03295.jpeg,albopictus
train_03296.jpeg,albopictus
train_03297.jpeg,albopictus
train_03298.jpeg,culex
train_03299.jpeg,culex
train_03300.jpeg,albopictus
train_03301.jpeg,albopictus
train_03302.jpeg,albopictus
train_03303.jpeg,albopictus
train_03304.jpeg,albopictus
train_03305.jpeg,albopictus
train_03306.jpeg,culex
train_03307.jpeg,albopictus
train_03308.jpeg,albopictus
train_03309.jpeg,culex
train_03310.jpeg,culex
train_03311.jpeg,albopictus
train_03312.jpeg,culex
train_03313.jpeg,culex
train_03314.jpeg,albopictus
train_03315.jpeg,albopictus
train_03316.jpeg,albopictus
train_03317.jpeg,culex
train_03318.jpeg,culex
train_03319.jpeg,albopictus
train_03320.jpeg,culex
train_03321.jpeg,culex
train_03322.jpeg,culex
train_03323.jpeg,albopictus
train_03324.jpeg,albopictus
train_03325.jpeg,culex
train_03326.jpeg,albopictus
train_03327.jpeg,albopictus
train_03328.jpeg,culex
train_03329.jpeg,culex
train_03330.jpeg,culex
train_03331.jpeg,culex
train_03332.jpeg,albopictus
train_03333.jpeg,albopictus
train_03334.jpeg,albopictus
train_03335.jpeg,culex
train_03336.jpeg,albopictus
train_03337.jpeg,albopictus
train_03338.jpeg,albopictus
train_03339.jpeg,culex
train_03340.jpeg,culex
train_03341.jpeg,albopictus
train_03342.jpeg,culex
train_03343.jpeg,culex
train_03344.jpeg,culex
train_03345.jpeg,culiseta
train_03346.jpeg,albopictus
train_03347.jpeg,culex
train_03348.jpeg,culex
train_03349.jpeg,albopictus
train_03350.jpeg,culex
train_03351.jpeg,albopictus
train_03352.jpeg,albopictus
train_03353.jpeg,culex
train_03354.jpeg,culex
train_03355.jpeg,culex
train_03356.jpeg,albopictus
train_03357.jpeg,albopictus
train_03358.jpeg,albopictus
train_03359.jpeg,culex
train_03360.jpeg,albopictus
train_03361.jpeg,albopictus
train_03362.jpeg,albopictus
train_03363.jpeg,culex
train_03364.jpeg,albopictus
train_03365.jpeg,albopictus
train_03366.jpeg,albopictus
train_03367.jpeg,culex
train_03368.jpeg,albopictus
train_03369.jpeg,albopictus
train_03370.jpeg,culex
train_03371.jpeg,culex
train_03372.jpeg,culex
train_03373.jpeg,albopictus
train_03374.jpeg,albopictus
train_03375.jpeg,culex
train_03376.jpeg,albopictus
train_03377.jpeg,albopictus
train_03378.jpeg,culex
train_03379.jpeg,albopictus
train_03380.jpeg,culex
train_03381.jpeg,albopictus
train_03382.jpeg,culex
train_03383.jpeg,albopictus
train_03384.jpeg,albopictus
train_03385.jpeg,albopictus
train_03386.jpeg,albopictus
train_03387.jpeg,culex
train_03388.jpeg,culex
train_03389.jpeg,albopictus
train_03390.jpeg,culex
train_03391.jpeg,culex
train_03392.jpeg,albopictus
train_03393.jpeg,culex
train_03394.jpeg,albopictus
train_03395.jpeg,culex
train_03396.jpeg,albopictus
train_03397.jpeg,albopictus
train_03398.jpeg,albopictus
train_03399.jpeg,albopictus
train_03400.jpeg,albopictus
train_03401.jpeg,culex
train_03402.jpeg,culex
train_03403.jpeg,culex
train_03404.jpeg,albopictus
train_03405.jpeg,culex
train_03406.jpeg,culex
train_03407.jpeg,culex
train_03408.jpeg,albopictus
train_03409.jpeg,culex
train_03410.jpeg,culex
train_03411.jpeg,albopictus
train_03412.jpeg,albopictus
train_03413.jpeg,culex
train_03414.jpeg,albopictus
train_03415.jpeg,albopictus
train_03416.jpeg,culex
train_03417.jpeg,albopictus
train_03418.jpeg,culex
train_03419.jpeg,culex
train_03420.jpeg,culex
train_03421.jpeg,culex
train_03422.jpeg,culex
train_03423.jpeg,culex
train_03424.jpeg,albopictus
train_03425.jpeg,albopictus
train_03426.jpeg,albopictus
train_03427.jpeg,culex
train_03428.jpeg,culex
train_03429.jpeg,culex
train_03430.jpeg,albopictus
train_03431.jpeg,albopictus
train_03432.jpeg,albopictus
train_03433.jpeg,albopictus
train_03434.jpeg,culex
train_03435.jpeg,albopictus
train_03436.jpeg,culex
train_03437.jpeg,albopictus
train_03438.jpeg,albopictus
train_03439.jpeg,culex
train_03440.jpeg,albopictus
train_03441.jpeg,albopictus
train_03442.jpeg,albopictus
train_03443.jpeg,albopictus
train_03444.jpeg,albopictus
train_03445.jpeg,culex
train_03446.jpeg,albopictus
train_03447.jpeg,culex
train_03448.jpeg,albopictus
train_03449.jpeg,albopictus
train_03450.jpeg,albopictus
train_03451.jpeg,albopictus
train_03452.jpeg,culex
train_03453.jpeg,albopictus
train_03454.jpeg,albopictus
train_03455.jpeg,albopictus
train_03456.jpeg,albopictus
train_03457.jpeg,culex
train_03458.jpeg,culex
train_03459.jpeg,albopictus
train_03460.jpeg,culex
train_03461.jpeg,culex
train_03462.jpeg,culex
train_03463.jpeg,culex
train_03464.jpeg,culex
train_03465.jpeg,albopictus
train_03466.jpeg,culex
train_03467.jpeg,culex
train_03468.jpeg,culex
train_03469.jpeg,albopictus
train_03470.jpeg,culex
train_03471.jpeg,albopictus
train_03472.jpeg,culex
train_03473.jpeg,culex
train_03474.jpeg,albopictus
train_03475.jpeg,culex
train_03476.jpeg,albopictus
train_03477.jpeg,culex
train_03478.jpeg,culex
train_03479.jpeg,albopictus
train_03480.jpeg,albopictus
train_03481.jpeg,albopictus
train_03482.jpeg,albopictus
train_03483.jpeg,albopictus
train_03484.jpeg,albopictus
train_03485.jpeg,culex
train_03486.jpeg,albopictus
train_03487.jpeg,culex
train_03488.jpeg,culex
train_03489.jpeg,albopictus
train_03490.jpeg,culex
train_03491.jpeg,culex
train_03492.jpeg,culex
train_03493.jpeg,albopictus
train_03494.jpeg,albopictus
train_03495.jpeg,albopictus
train_03496.jpeg,albopictus
train_03497.jpeg,albopictus
train_03498.jpeg,culex
train_03499.jpeg,albopictus
train_03500.jpeg,culex
train_03501.jpeg,albopictus
train_03502.jpeg,albopictus
train_03503.jpeg,albopictus
train_03504.jpeg,albopictus
train_03505.jpeg,culex
train_03506.jpeg,albopictus
train_03507.jpeg,albopictus
train_03508.jpeg,culex
train_03509.jpeg,albopictus
train_03510.jpeg,albopictus
train_03511.jpeg,culex
train_03512.jpeg,albopictus
train_03513.jpeg,culex
train_03514.jpeg,culex
train_03515.jpeg,culex
train_03516.jpeg,culex
train_03517.jpeg,culex
train_03518.jpeg,culex
train_03519.jpeg,culex
train_03520.jpeg,culex
train_03521.jpeg,culiseta
train_03522.jpeg,culex
train_03523.jpeg,albopictus
train_03524.jpeg,albopictus
train_03525.jpeg,culiseta
train_03526.jpeg,albopictus
train_03527.jpeg,culex
train_03528.jpeg,culex
train_03529.jpeg,albopictus
train_03530.jpeg,albopictus
train_03531.jpeg,culex
train_03532.jpeg,albopictus
train_03533.jpeg,culex
train_03534.jpeg,albopictus
train_03535.jpeg,culex
train_03536.jpeg,culex
train_03537.jpeg,culex
train_03538.jpeg,culex
train_03539.jpeg,albopictus
train_03540.jpeg,culex
train_03541.jpeg,albopictus
train_03542.jpeg,culex
train_03543.jpeg,culex
train_03544.jpeg,culex
train_03545.jpeg,culex
train_03546.jpeg,albopictus
train_03547.jpeg,albopictus
train_03548.jpeg,albopictus
train_03549.jpeg,culex
train_03550.jpeg,culex
train_03551.jpeg,albopictus
train_03552.jpeg,albopictus
train_03553.jpeg,culex
train_03554.jpeg,albopictus
train_03555.jpeg,culex
train_03556.jpeg,culex
train_03557.jpeg,albopictus
train_03558.jpeg,albopictus
train_03559.jpeg,culex
train_03560.jpeg,culex
train_03561.jpeg,albopictus
train_03562.jpeg,albopictus
train_03563.jpeg,culex
train_03564.jpeg,culex
train_03565.jpeg,culex
train_03566.jpeg,culex
train_03567.jpeg,albopictus
train_03568.jpeg,albopictus
train_03569.jpeg,albopictus
train_03570.jpeg,albopictus
train_03571.jpeg,albopictus
train_03572.jpeg,albopictus
train_03573.jpeg,culex
train_03574.jpeg,culex
train_03575.jpeg,albopictus
train_03576.jpeg,culex
train_03577.jpeg,albopictus
train_03578.jpeg,culex
train_03579.jpeg,albopictus
train_03580.jpeg,culex
train_03581.jpeg,albopictus
train_03582.jpeg,albopictus
train_03583.jpeg,culex
train_03584.jpeg,culex
train_03585.jpeg,albopictus
train_03586.jpeg,albopictus
train_03587.jpeg,albopictus
train_03588.jpeg,culex
train_03589.jpeg,albopictus
train_03590.jpeg,culex
train_03591.jpeg,albopictus
train_03592.jpeg,culex
train_03593.jpeg,culex
train_03594.jpeg,culex
train_03595.jpeg,culiseta
train_03596.jpeg,albopictus
train_03597.jpeg,culex
train_03598.jpeg,albopictus
train_03599.jpeg,albopictus
train_03600.jpeg,albopictus
train_03601.jpeg,culex
train_03602.jpeg,culex
train_03603.jpeg,culex
train_03604.jpeg,albopictus
train_03605.jpeg,albopictus
train_03606.jpeg,culex
train_03607.jpeg,albopictus
train_03608.jpeg,culex
train_03609.jpeg,culex
train_03610.jpeg,culiseta
train_03611.jpeg,albopictus
train_03612.jpeg,culex
train_03613.jpeg,albopictus
train_03614.jpeg,albopictus
train_03615.jpeg,albopictus
train_03616.jpeg,culex
train_03617.jpeg,albopictus
train_03618.jpeg,culex
train_03619.jpeg,albopictus
train_03620.jpeg,culex
train_03621.jpeg,albopictus
train_03622.jpeg,albopictus
train_03623.jpeg,albopictus
train_03624.jpeg,culex
train_03625.jpeg,culex
train_03626.jpeg,albopictus
train_03627.jpeg,albopictus
train_03628.jpeg,albopictus
train_03629.jpeg,culex
train_03630.jpeg,albopictus
train_03631.jpeg,albopictus
train_03632.jpeg,albopictus
train_03633.jpeg,culex
train_03634.jpeg,albopictus
train_03635.jpeg,albopictus
train_03636.jpeg,culex
train_03637.jpeg,albopictus
train_03638.jpeg,albopictus
train_03639.jpeg,albopictus
train_03640.jpeg,albopictus
train_03641.jpeg,culex
train_03642.jpeg,albopictus
train_03643.jpeg,albopictus
train_03644.jpeg,culex
train_03645.jpeg,albopictus
train_03646.jpeg,albopictus
train_03647.jpeg,albopictus
train_03648.jpeg,albopictus
train_03649.jpeg,culex
train_03650.jpeg,albopictus
train_03651.jpeg,culex
train_03652.jpeg,albopictus
train_03653.jpeg,culex
train_03654.jpeg,albopictus
train_03655.jpeg,albopictus
train_03656.jpeg,albopictus
train_03657.jpeg,albopictus
train_03658.jpeg,albopictus
train_03659.jpeg,albopictus
train_03660.jpeg,albopictus
train_03661.jpeg,culex
train_03662.jpeg,albopictus
train_03663.jpeg,culex
train_03664.jpeg,culex
train_03665.jpeg,albopictus
train_03666.jpeg,albopictus
train_03667.jpeg,albopictus
train_03668.jpeg,culex
train_03669.jpeg,culex
train_03670.jpeg,albopictus
train_03671.jpeg,albopictus
train_03672.jpeg,albopictus
train_03673.jpeg,albopictus
train_03674.jpeg,albopictus
train_03675.jpeg,albopictus
train_03676.jpeg,albopictus
train_03677.jpeg,culex
train_03678.jpeg,albopictus
train_03679.jpeg,albopictus
train_03680.jpeg,albopictus
train_03681.jpeg,culex
train_03682.jpeg,culex
train_03683.jpeg,albopictus
train_03684.jpeg,albopictus
train_03685.jpeg,culex
train_03686.jpeg,albopictus
train_03687.jpeg,culex
train_03688.jpeg,albopictus
train_03689.jpeg,culex
train_03690.jpeg,albopictus
train_03691.jpeg,albopictus
train_03692.jpeg,albopictus
train_03693.jpeg,aegypti
train_03694.jpeg,albopictus
train_03695.jpeg,albopictus
train_03696.jpeg,albopictus
train_03697.jpeg,albopictus
train_03698.jpeg,culex
train_03699.jpeg,culex
train_03700.jpeg,culex
train_03701.jpeg,albopictus
train_03702.jpeg,albopictus
train_03703.jpeg,albopictus
train_03704.jpeg,culex
train_03705.jpeg,albopictus
train_03706.jpeg,culex
train_03707.jpeg,culex
train_03708.jpeg,albopictus
train_03709.jpeg,albopictus
train_03710.jpeg,albopictus
train_03711.jpeg,albopictus
train_03712.jpeg,culex
train_03713.jpeg,albopictus
train_03714.jpeg,albopictus
train_03715.jpeg,culex
train_03716.jpeg,albopictus
train_03717.jpeg,albopictus
train_03718.jpeg,albopictus
train_03719.jpeg,albopictus
train_03720.jpeg,culex
train_03721.jpeg,culex
train_03722.jpeg,culex
train_03723.jpeg,albopictus
train_03724.jpeg,albopictus
train_03725.jpeg,culex
train_03726.jpeg,albopictus
train_03727.jpeg,albopictus
train_03728.jpeg,culex
train_03729.jpeg,albopictus
train_03730.jpeg,albopictus
train_03731.jpeg,culex
train_03732.jpeg,albopictus
train_03733.jpeg,albopictus
train_03734.jpeg,albopictus
train_03735.jpeg,albopictus
train_03736.jpeg,albopictus
train_03737.jpeg,albopictus
train_03738.jpeg,culex
train_03739.jpeg,culex
train_03740.jpeg,culex
train_03741.jpeg,albopictus
train_03742.jpeg,culex
train_03743.jpeg,albopictus
train_03744.jpeg,culex
train_03745.jpeg,culex
train_03746.jpeg,culex
train_03747.jpeg,albopictus
train_03748.jpeg,albopictus
train_03749.jpeg,albopictus
train_03750.jpeg,albopictus
train_03751.jpeg,culex
train_03752.jpeg,culex
train_03753.jpeg,culex
train_03754.jpeg,culex
train_03755.jpeg,albopictus
train_03756.jpeg,culex
train_03757.jpeg,culex
train_03758.jpeg,culex
train_03759.jpeg,albopictus
train_03760.jpeg,albopictus
train_03761.jpeg,culex
train_03762.jpeg,albopictus
train_03763.jpeg,albopictus
train_03764.jpeg,albopictus
train_03765.jpeg,culex
train_03766.jpeg,albopictus
train_03767.jpeg,culex
train_03768.jpeg,culex
train_03769.jpeg,culex
train_03770.jpeg,culex
train_03771.jpeg,culex
train_03772.jpeg,albopictus
train_03773.jpeg,culex
train_03774.jpeg,culex
train_03775.jpeg,culex
train_03776.jpeg,albopictus
train_03777.jpeg,culex
train_03778.jpeg,culex
train_03779.jpeg,culex
train_03780.jpeg,albopictus
train_03781.jpeg,culex
train_03782.jpeg,culex
train_03783.jpeg,albopictus
train_03784.jpeg,albopictus
train_03785.jpeg,culex
train_03786.jpeg,albopictus
train_03787.jpeg,albopictus
train_03788.jpeg,albopictus
train_03789.jpeg,culex
train_03790.jpeg,albopictus
train_03791.jpeg,albopictus
train_03792.jpeg,albopictus
train_03793.jpeg,culex
train_03794.jpeg,culex
train_03795.jpeg,culex
train_03796.jpeg,culex
train_03797.jpeg,culex
train_03798.jpeg,albopictus
train_03799.jpeg,albopictus
train_03800.jpeg,albopictus
train_03801.jpeg,albopictus
train_03802.jpeg,albopictus
train_03803.jpeg,culex
train_03804.jpeg,albopictus
train_03805.jpeg,culex
train_03806.jpeg,culex
train_03807.jpeg,culex
train_03808.jpeg,albopictus
train_03809.jpeg,albopictus
train_03810.jpeg,albopictus
train_03811.jpeg,culex
train_03812.jpeg,culex
train_03813.jpeg,albopictus
train_03814.jpeg,albopictus
train_03815.jpeg,culex
train_03816.jpeg,albopictus
train_03817.jpeg,albopictus
train_03818.jpeg,albopictus
train_03819.jpeg,culex
train_03820.jpeg,albopictus
train_03821.jpeg,culex
train_03822.jpeg,culex
train_03823.jpeg,albopictus
train_03824.jpeg,albopictus
train_03825.jpeg,culex
train_03826.jpeg,culex
train_03827.jpeg,culex
train_03828.jpeg,albopictus
train_03829.jpeg,albopictus
train_03830.jpeg,albopictus
train_03831.jpeg,culex
train_03832.jpeg,albopictus
train_03833.jpeg,albopictus
train_03834.jpeg,culex
train_03835.jpeg,albopictus
train_03836.jpeg,culex
train_03837.jpeg,albopictus
train_03838.jpeg,albopictus
train_03839.jpeg,culex
train_03840.jpeg,culex
train_03841.jpeg,albopictus
train_03842.jpeg,albopictus
train_03843.jpeg,culex
train_03844.jpeg,albopictus
train_03845.jpeg,culex
train_03846.jpeg,culex
train_03847.jpeg,albopictus
train_03848.jpeg,albopictus
train_03849.jpeg,albopictus
train_03850.jpeg,albopictus
train_03851.jpeg,culiseta
train_03852.jpeg,albopictus
train_03853.jpeg,albopictus
train_03854.jpeg,albopictus
train_03855.jpeg,albopictus
train_03856.jpeg,albopictus
train_03857.jpeg,culex
train_03858.jpeg,culex
train_03859.jpeg,culex
train_03860.jpeg,culex
train_03861.jpeg,albopictus
train_03862.jpeg,albopictus
train_03863.jpeg,albopictus
train_03864.jpeg,culex
train_03865.jpeg,albopictus
train_03866.jpeg,albopictus
train_03867.jpeg,culex
train_03868.jpeg,albopictus
train_03869.jpeg,culex
train_03870.jpeg,culex
train_03871.jpeg,albopictus
train_03872.jpeg,culex
train_03873.jpeg,culex
train_03874.jpeg,culex
train_03875.jpeg,culex
train_03876.jpeg,albopictus
train_03877.jpeg,culex
train_03878.jpeg,culex
train_03879.jpeg,albopictus
train_03880.jpeg,albopictus
train_03881.jpeg,albopictus
train_03882.jpeg,albopictus
train_03883.jpeg,culex
train_03884.jpeg,albopictus
train_03885.jpeg,albopictus
train_03886.jpeg,albopictus
train_03887.jpeg,culex
train_03888.jpeg,culex
train_03889.jpeg,albopictus
train_03890.jpeg,culex
train_03891.jpeg,culex
train_03892.jpeg,culex
train_03893.jpeg,culex
train_03894.jpeg,albopictus
train_03895.jpeg,culex
train_03896.jpeg,culex
train_03897.jpeg,albopictus
train_03898.jpeg,culex
train_03899.jpeg,culex
train_03900.jpeg,albopictus
train_03901.jpeg,albopictus
train_03902.jpeg,albopictus
train_03903.jpeg,culex
train_03904.jpeg,albopictus
train_03905.jpeg,culex
train_03906.jpeg,culex
train_03907.jpeg,albopictus
train_03908.jpeg,culex
train_03909.jpeg,albopictus
train_03910.jpeg,albopictus
train_03911.jpeg,culex
train_03912.jpeg,culex
train_03913.jpeg,albopictus
train_03914.jpeg,albopictus
train_03915.jpeg,albopictus
train_03916.jpeg,culex
train_03917.jpeg,culex
train_03918.jpeg,albopictus
train_03919.jpeg,culex
train_03920.jpeg,culex
train_03921.jpeg,albopictus
train_03922.jpeg,albopictus
train_03923.jpeg,albopictus
train_03924.jpeg,culex
train_03925.jpeg,albopictus
train_03926.jpeg,albopictus
train_03927.jpeg,culex
train_03928.jpeg,culex
train_03929.jpeg,albopictus
train_03930.jpeg,culex
train_03931.jpeg,albopictus
train_03932.jpeg,albopictus
train_03933.jpeg,culex
train_03934.jpeg,albopictus
train_03935.jpeg,albopictus
train_03936.jpeg,culex
train_03937.jpeg,culex
train_03938.jpeg,culex
train_03939.jpeg,culex
train_03940.jpeg,culex
train_03941.jpeg,albopictus
train_03942.jpeg,albopictus
train_03943.jpeg,albopictus
train_03944.jpeg,culex
train_03945.jpeg,albopictus
train_03946.jpeg,albopictus
train_03947.jpeg,culex
train_03948.jpeg,culex
train_03949.jpeg,albopictus
train_03950.jpeg,albopictus
train_03951.jpeg,culex
train_03952.jpeg,albopictus
train_03953.jpeg,culex
train_03954.jpeg,albopictus
train_03955.jpeg,culex
train_03956.jpeg,albopictus
train_03957.jpeg,culex
train_03958.jpeg,albopictus
train_03959.jpeg,albopictus
train_03960.jpeg,albopictus
train_03961.jpeg,culex
train_03962.jpeg,culex
train_03963.jpeg,albopictus
train_03964.jpeg,albopictus
train_03965.jpeg,culex
train_03966.jpeg,albopictus
train_03967.jpeg,albopictus
train_03968.jpeg,culex
train_03969.jpeg,albopictus
train_03970.jpeg,culex
train_03971.jpeg,albopictus
train_03972.jpeg,albopictus
train_03973.jpeg,albopictus
train_03974.jpeg,albopictus
train_03975.jpeg,albopictus
train_03976.jpeg,albopictus
train_03977.jpeg,albopictus
train_03978.jpeg,albopictus
train_03979.jpeg,albopictus
train_03980.jpeg,albopictus
train_03981.jpeg,albopictus
train_03982.jpeg,albopictus
train_03983.jpeg,culex
train_03984.jpeg,albopictus
train_03985.jpeg,culex
train_03986.jpeg,albopictus
train_03987.jpeg,albopictus
train_03988.jpeg,culex
train_03989.jpeg,albopictus
train_03990.jpeg,albopictus
train_03991.jpeg,albopictus
train_03992.jpeg,albopictus
train_03993.jpeg,albopictus
train_03994.jpeg,culex
train_03995.jpeg,culex
train_03996.jpeg,culex
train_03997.jpeg,culex
train_03998.jpeg,albopictus
train_03999.jpeg,albopictus
train_04000.jpeg,albopictus
train_04001.jpeg,culex
train_04002.jpeg,albopictus
train_04003.jpeg,albopictus
train_04004.jpeg,albopictus
train_04005.jpeg,culex
train_04006.jpeg,culex
train_04007.jpeg,albopictus
train_04008.jpeg,albopictus
train_04009.jpeg,albopictus
train_04010.jpeg,albopictus
train_04011.jpeg,albopictus
train_04012.jpeg,albopictus
train_04013.jpeg,culex
train_04014.jpeg,culiseta
train_04015.jpeg,albopictus
train_04016.jpeg,albopictus
train_04017.jpeg,albopictus
train_04018.jpeg,albopictus
train_04019.jpeg,culiseta
train_04020.jpeg,albopictus
train_04021.jpeg,culex
train_04022.jpeg,albopictus
train_04023.jpeg,albopictus
train_04024.jpeg,culex
train_04025.jpeg,albopictus
train_04026.jpeg,albopictus
train_04027.jpeg,albopictus
train_04028.jpeg,albopictus
train_04029.jpeg,albopictus
train_04030.jpeg,albopictus
train_04031.jpeg,culex
train_04032.jpeg,culex
train_04033.jpeg,albopictus
train_04034.jpeg,culex
train_04035.jpeg,culex
train_04036.jpeg,albopictus
train_04037.jpeg,culex
train_04038.jpeg,culex
train_04039.jpeg,albopictus
train_04040.jpeg,albopictus
train_04041.jpeg,culex
train_04042.jpeg,albopictus
train_04043.jpeg,culex
train_04044.jpeg,albopictus
train_04045.jpeg,albopictus
train_04046.jpeg,culex
train_04047.jpeg,albopictus
train_04048.jpeg,albopictus
train_04049.jpeg,albopictus
train_04050.jpeg,albopictus
train_04051.jpeg,culex
train_04052.jpeg,culex
train_04053.jpeg,culex
train_04054.jpeg,culex
train_04055.jpeg,culex
train_04056.jpeg,albopictus
train_04057.jpeg,culex
train_04058.jpeg,culex
train_04059.jpeg,culex
train_04060.jpeg,culex
train_04061.jpeg,culex
train_04062.jpeg,culex
train_04063.jpeg,albopictus
train_04064.jpeg,culiseta
train_04065.jpeg,albopictus
train_04066.jpeg,albopictus
train_04067.jpeg,culex
train_04068.jpeg,culex
train_04069.jpeg,albopictus
train_04070.jpeg,culex
train_04071.jpeg,albopictus
train_04072.jpeg,albopictus
train_04073.jpeg,albopictus
train_04074.jpeg,albopictus
train_04075.jpeg,albopictus
train_04076.jpeg,albopictus
train_04077.jpeg,albopictus
train_04078.jpeg,albopictus
train_04079.jpeg,culex
train_04080.jpeg,albopictus
train_04081.jpeg,albopictus
train_04082.jpeg,culex
train_04083.jpeg,albopictus
train_04084.jpeg,albopictus
train_04085.jpeg,culex
train_04086.jpeg,albopictus
train_04087.jpeg,albopictus
train_04088.jpeg,culex
train_04089.jpeg,albopictus
train_04090.jpeg,culex
train_04091.jpeg,albopictus
train_04092.jpeg,albopictus
train_04093.jpeg,albopictus
train_04094.jpeg,albopictus
train_04095.jpeg,culex
train_04096.jpeg,culex
train_04097.jpeg,albopictus
train_04098.jpeg,albopictus
train_04099.jpeg,albopictus
train_04100.jpeg,albopictus
train_04101.jpeg,albopictus
train_04102.jpeg,culex
train_04103.jpeg,albopictus
train_04104.jpeg,culex
train_04105.jpeg,albopictus
train_04106.jpeg,albopictus
train_04107.jpeg,albopictus
train_04108.jpeg,albopictus
train_04109.jpeg,culex
train_04110.jpeg,culex
train_04111.jpeg,albopictus
train_04112.jpeg,culex
train_04113.jpeg,albopictus
train_04114.jpeg,albopictus
train_04115.jpeg,albopictus
train_04116.jpeg,culex
train_04117.jpeg,albopictus
train_04118.jpeg,albopictus
train_04119.jpeg,culex
train_04120.jpeg,albopictus
train_04121.jpeg,albopictus
train_04122.jpeg,culex
train_04123.jpeg,culex
train_04124.jpeg,culex
train_04125.jpeg,culex
train_04126.jpeg,albopictus
train_04127.jpeg,albopictus
train_04128.jpeg,culex
train_04129.jpeg,culex
train_04130.jpeg,culex
train_04131.jpeg,albopictus
train_04132.jpeg,culex
train_04133.jpeg,albopictus
train_04134.jpeg,culiseta
train_04135.jpeg,albopictus
train_04136.jpeg,albopictus
train_04137.jpeg,albopictus
train_04138.jpeg,albopictus
train_04139.jpeg,albopictus
train_04140.jpeg,culex
train_04141.jpeg,albopictus
train_04142.jpeg,culex
train_04143.jpeg,albopictus
train_04144.jpeg,albopictus
train_04145.jpeg,albopictus
train_04146.jpeg,albopictus
train_04147.jpeg,albopictus
train_04148.jpeg,culex
train_04149.jpeg,albopictus
train_04150.jpeg,albopictus
train_04151.jpeg,culex
train_04152.jpeg,culex
train_04153.jpeg,culex
train_04154.jpeg,culex
train_04155.jpeg,culex
train_04156.jpeg,albopictus
train_04157.jpeg,albopictus
train_04158.jpeg,albopictus
train_04159.jpeg,albopictus
train_04160.jpeg,albopictus
train_04161.jpeg,albopictus
train_04162.jpeg,albopictus
train_04163.jpeg,culex
train_04164.jpeg,albopictus
train_04165.jpeg,albopictus
train_04166.jpeg,albopictus
train_04167.jpeg,albopictus
train_04168.jpeg,albopictus
train_04169.jpeg,culex
train_04170.jpeg,culex
train_04171.jpeg,culex
train_04172.jpeg,albopictus
train_04173.jpeg,albopictus
train_04174.jpeg,albopictus
train_04175.jpeg,culex
train_04176.jpeg,culex
train_04177.jpeg,albopictus
train_04178.jpeg,albopictus
train_04179.jpeg,albopictus
train_04180.jpeg,culex
train_04181.jpeg,albopictus
train_04182.jpeg,culex
train_04183.jpeg,culiseta
train_04184.jpeg,culex
train_04185.jpeg,albopictus
train_04186.jpeg,culex
train_04187.jpeg,albopictus
train_04188.jpeg,culex
train_04189.jpeg,albopictus
train_04190.jpeg,culex
train_04191.jpeg,albopictus
train_04192.jpeg,culex
train_04193.jpeg,culex
train_04194.jpeg,albopictus
train_04195.jpeg,culex
train_04196.jpeg,albopictus
train_04197.jpeg,albopictus
train_04198.jpeg,culex
train_04199.jpeg,albopictus
train_04200.jpeg,culex
train_04201.jpeg,culex
train_04202.jpeg,culex
train_04203.jpeg,culex
train_04204.jpeg,albopictus
train_04205.jpeg,culex
train_04206.jpeg,culex
train_04207.jpeg,albopictus
train_04208.jpeg,albopictus
train_04209.jpeg,culex
train_04210.jpeg,culex
train_04211.jpeg,culex
train_04212.jpeg,culex
train_04213.jpeg,albopictus
train_04214.jpeg,culex
train_04215.jpeg,albopictus
train_04216.jpeg,culex
train_04217.jpeg,albopictus
train_04218.jpeg,culex
train_04219.jpeg,albopictus
train_04220.jpeg,culex
train_04221.jpeg,albopictus
train_04222.jpeg,albopictus
train_04223.jpeg,culex
train_04224.jpeg,culex
train_04225.jpeg,albopictus
train_04226.jpeg,culex
train_04227.jpeg,albopictus
train_04228.jpeg,culex
train_04229.jpeg,albopictus
train_04230.jpeg,culex
train_04231.jpeg,albopictus
train_04232.jpeg,culex
train_04233.jpeg,culex
train_04234.jpeg,albopictus
train_04235.jpeg,albopictus
train_04236.jpeg,albopictus
train_04237.jpeg,culex
train_04238.jpeg,culex
train_04239.jpeg,albopictus
train_04240.jpeg,albopictus
train_04241.jpeg,culex
train_04242.jpeg,culex
train_04243.jpeg,culex
train_04244.jpeg,albopictus
train_04245.jpeg,culex
train_04246.jpeg,culex
train_04247.jpeg,albopictus
train_04248.jpeg,culex
train_04249.jpeg,albopictus
train_04250.jpeg,culex
train_04251.jpeg,albopictus
train_04252.jpeg,albopictus
train_04253.jpeg,albopictus
train_04254.jpeg,albopictus
train_04255.jpeg,culex
train_04256.jpeg,albopictus
train_04257.jpeg,culex
train_04258.jpeg,albopictus
train_04259.jpeg,culex
train_04260.jpeg,albopictus
train_04261.jpeg,culex
train_04262.jpeg,culex
train_04263.jpeg,albopictus
train_04264.jpeg,albopictus
train_04265.jpeg,albopictus
train_04266.jpeg,culex
train_04267.jpeg,albopictus
train_04268.jpeg,albopictus
train_04269.jpeg,culex
train_04270.jpeg,albopictus
train_04271.jpeg,albopictus
train_04272.jpeg,culex
train_04273.jpeg,albopictus
train_04274.jpeg,albopictus
train_04275.jpeg,albopictus
train_04276.jpeg,albopictus
train_04277.jpeg,albopictus
train_04278.jpeg,culex
train_04279.jpeg,albopictus
train_04280.jpeg,albopictus
train_04281.jpeg,albopictus
train_04282.jpeg,albopictus
train_04283.jpeg,culex
train_04284.jpeg,culex
train_04285.jpeg,albopictus
train_04286.jpeg,culex
train_04287.jpeg,culex
train_04288.jpeg,albopictus
train_04289.jpeg,albopictus
train_04290.jpeg,culex
train_04291.jpeg,albopictus
train_04292.jpeg,culex
train_04293.jpeg,albopictus
train_04294.jpeg,albopictus
train_04295.jpeg,albopictus
train_04296.jpeg,albopictus
train_04297.jpeg,albopictus
train_04298.jpeg,culex
train_04299.jpeg,albopictus
train_04300.jpeg,albopictus
train_04301.jpeg,albopictus
train_04302.jpeg,albopictus
train_04303.jpeg,culex
train_04304.jpeg,albopictus
train_04305.jpeg,albopictus
train_04306.jpeg,albopictus
train_04307.jpeg,culex
train_04308.jpeg,culex
train_04309.jpeg,albopictus
train_04310.jpeg,culex
train_04311.jpeg,culex
train_04312.jpeg,albopictus
train_04313.jpeg,culex
train_04314.jpeg,albopictus
train_04315.jpeg,albopictus
train_04316.jpeg,albopictus
train_04317.jpeg,culex
train_04318.jpeg,culex
train_04319.jpeg,culex
train_04320.jpeg,culex
train_04321.jpeg,culex
train_04322.jpeg,albopictus
train_04323.jpeg,albopictus
train_04324.jpeg,culex
train_04325.jpeg,albopictus
train_04326.jpeg,albopictus
train_04327.jpeg,culex
train_04328.jpeg,albopictus
train_04329.jpeg,albopictus
train_04330.jpeg,albopictus
train_04331.jpeg,culex
train_04332.jpeg,culex
train_04333.jpeg,albopictus
train_04334.jpeg,albopictus
train_04335.jpeg,culex
train_04336.jpeg,culex
train_04337.jpeg,albopictus
train_04338.jpeg,albopictus
train_04339.jpeg,albopictus
train_04340.jpeg,culex
train_04341.jpeg,culex
train_04342.jpeg,albopictus
train_04343.jpeg,culex
train_04344.jpeg,albopictus
train_04345.jpeg,culex
train_04346.jpeg,culex
train_04347.jpeg,culex
train_04348.jpeg,albopictus
train_04349.jpeg,albopictus
train_04350.jpeg,culex
train_04351.jpeg,culiseta
train_04352.jpeg,culex
train_04353.jpeg,albopictus
train_04354.jpeg,albopictus
train_04355.jpeg,culex
train_04356.jpeg,culex
train_04357.jpeg,culex
train_04358.jpeg,albopictus
train_04359.jpeg,culex
train_04360.jpeg,albopictus
train_04361.jpeg,albopictus
train_04362.jpeg,culex
train_04363.jpeg,culex
train_04364.jpeg,albopictus
train_04365.jpeg,albopictus
train_04366.jpeg,albopictus
train_04367.jpeg,culex
train_04368.jpeg,albopictus
train_04369.jpeg,albopictus
train_04370.jpeg,culex
train_04371.jpeg,albopictus
train_04372.jpeg,culex
train_04373.jpeg,culex
train_04374.jpeg,albopictus
train_04375.jpeg,albopictus
train_04376.jpeg,albopictus
train_04377.jpeg,albopictus
train_04378.jpeg,albopictus
train_04379.jpeg,albopictus
train_04380.jpeg,albopictus
train_04381.jpeg,albopictus
train_04382.jpeg,albopictus
train_04383.jpeg,albopictus
train_04384.jpeg,albopictus
train_04385.jpeg,culex
train_04386.jpeg,albopictus
train_04387.jpeg,albopictus
train_04388.jpeg,albopictus
train_04389.jpeg,albopictus
train_04390.jpeg,albopictus
train_04391.jpeg,albopictus
train_04392.jpeg,culex
train_04393.jpeg,culex
train_04394.jpeg,culiseta
train_04395.jpeg,albopictus
train_04396.jpeg,culiseta
train_04397.jpeg,culex
train_04398.jpeg,albopictus
train_04399.jpeg,culiseta
train_04400.jpeg,albopictus
train_04401.jpeg,culex
train_04402.jpeg,culex
train_04403.jpeg,albopictus
train_04404.jpeg,albopictus
train_04405.jpeg,culex
train_04406.jpeg,albopictus
train_04407.jpeg,culex
train_04408.jpeg,culex
train_04409.jpeg,culex
train_04410.jpeg,albopictus
train_04411.jpeg,albopictus
train_04412.jpeg,albopictus
train_04413.jpeg,culex
train_04414.jpeg,albopictus
train_04415.jpeg,culex
train_04416.jpeg,albopictus
train_04417.jpeg,culex
train_04418.jpeg,albopictus
train_04419.jpeg,albopictus
train_04420.jpeg,albopictus
train_04421.jpeg,albopictus
train_04422.jpeg,albopictus
train_04423.jpeg,albopictus
train_04424.jpeg,albopictus
train_04425.jpeg,culex
train_04426.jpeg,culex
train_04427.jpeg,albopictus
train_04428.jpeg,culex
train_04429.jpeg,culex
train_04430.jpeg,culex
train_04431.jpeg,albopictus
train_04432.jpeg,albopictus
train_04433.jpeg,culex
train_04434.jpeg,culex
train_04435.jpeg,albopictus
train_04436.jpeg,albopictus
train_04437.jpeg,culex
train_04438.jpeg,culex
train_04439.jpeg,albopictus
train_04440.jpeg,albopictus
train_04441.jpeg,albopictus
train_04442.jpeg,albopictus
train_04443.jpeg,culex
train_04444.jpeg,culex
train_04445.jpeg,culex
train_04446.jpeg,culex
train_04447.jpeg,culex
train_04448.jpeg,culiseta
train_04449.jpeg,albopictus
train_04450.jpeg,culex
train_04451.jpeg,culex
train_04452.jpeg,albopictus
train_04453.jpeg,culex
train_04454.jpeg,albopictus
train_04455.jpeg,culex
train_04456.jpeg,albopictus
train_04457.jpeg,culex
train_04458.jpeg,culex
train_04459.jpeg,albopictus
train_04460.jpeg,culex
train_04461.jpeg,culex
train_04462.jpeg,albopictus
train_04463.jpeg,culex
train_04464.jpeg,culex
train_04465.jpeg,culex
train_04466.jpeg,albopictus
train_04467.jpeg,albopictus
train_04468.jpeg,albopictus
train_04469.jpeg,culex
train_04470.jpeg,culex
train_04471.jpeg,albopictus
train_04472.jpeg,culex
train_04473.jpeg,albopictus
train_04474.jpeg,culex
train_04475.jpeg,culex
train_04476.jpeg,albopictus
train_04477.jpeg,culex
train_04478.jpeg,culex
train_04479.jpeg,culex
train_04480.jpeg,culex
train_04481.jpeg,albopictus
train_04482.jpeg,albopictus
train_04483.jpeg,culex
train_04484.jpeg,culex
train_04485.jpeg,culex
train_04486.jpeg,albopictus
train_04487.jpeg,albopictus
train_04488.jpeg,albopictus
train_04489.jpeg,culex
train_04490.jpeg,culex
train_04491.jpeg,albopictus
train_04492.jpeg,albopictus
train_04493.jpeg,culex
train_04494.jpeg,culex
train_04495.jpeg,culex
train_04496.jpeg,albopictus
train_04497.jpeg,culex
train_04498.jpeg,albopictus
train_04499.jpeg,culex
train_04500.jpeg,albopictus
train_04501.jpeg,culex
train_04502.jpeg,culex
train_04503.jpeg,culex
train_04504.jpeg,albopictus
train_04505.jpeg,culex
train_04506.jpeg,albopictus
train_04507.jpeg,albopictus
train_04508.jpeg,albopictus
train_04509.jpeg,culiseta
train_04510.jpeg,albopictus
train_04511.jpeg,albopictus
train_04512.jpeg,albopictus
train_04513.jpeg,culex
train_04514.jpeg,culex
train_04515.jpeg,culex
train_04516.jpeg,albopictus
train_04517.jpeg,culex
train_04518.jpeg,culiseta
train_04519.jpeg,albopictus
train_04520.jpeg,albopictus
train_04521.jpeg,albopictus
train_04522.jpeg,culex
train_04523.jpeg,albopictus
train_04524.jpeg,albopictus
train_04525.jpeg,albopictus
train_04526.jpeg,albopictus
train_04527.jpeg,albopictus
train_04528.jpeg,albopictus
train_04529.jpeg,culex
train_04530.jpeg,culex
train_04531.jpeg,albopictus
train_04532.jpeg,culex
train_04533.jpeg,albopictus
train_04534.jpeg,culex
train_04535.jpeg,albopictus
train_04536.jpeg,albopictus
train_04537.jpeg,albopictus
train_04538.jpeg,albopictus
train_04539.jpeg,culex
train_04540.jpeg,culex
train_04541.jpeg,albopictus
train_04542.jpeg,culex
train_04543.jpeg,albopictus
train_04544.jpeg,culex
train_04545.jpeg,albopictus
train_04546.jpeg,culex
train_04547.jpeg,albopictus
train_04548.jpeg,albopictus
train_04549.jpeg,culex
train_04550.jpeg,albopictus
train_04551.jpeg,albopictus
train_04552.jpeg,culex
train_04553.jpeg,culex
train_04554.jpeg,culex
train_04555.jpeg,culex
train_04556.jpeg,culex
train_04557.jpeg,culex
train_04558.jpeg,albopictus
train_04559.jpeg,culex
train_04560.jpeg,culex
train_04561.jpeg,culex
train_04562.jpeg,albopictus
train_04563.jpeg,albopictus
train_04564.jpeg,culex
train_04565.jpeg,albopictus
train_04566.jpeg,culex
train_04567.jpeg,culex
train_04568.jpeg,culex
train_04569.jpeg,albopictus
train_04570.jpeg,culex
train_04571.jpeg,albopictus
train_04572.jpeg,culex
train_04573.jpeg,culex
train_04574.jpeg,albopictus
train_04575.jpeg,culiseta
train_04576.jpeg,albopictus
train_04577.jpeg,albopictus
train_04578.jpeg,culex
train_04579.jpeg,culex
train_04580.jpeg,culex
train_04581.jpeg,albopictus
train_04582.jpeg,albopictus
train_04583.jpeg,albopictus
train_04584.jpeg,albopictus
train_04585.jpeg,albopictus
train_04586.jpeg,culex
train_04587.jpeg,culex
train_04588.jpeg,albopictus
train_04589.jpeg,culex
train_04590.jpeg,culex
train_04591.jpeg,albopictus
train_04592.jpeg,albopictus
train_04593.jpeg,albopictus
train_04594.jpeg,albopictus
train_04595.jpeg,culex
train_04596.jpeg,albopictus
train_04597.jpeg,culex
train_04598.jpeg,albopictus
train_04599.jpeg,albopictus
train_04600.jpeg,culex
train_04601.jpeg,albopictus
train_04602.jpeg,albopictus
train_04603.jpeg,culex
train_04604.jpeg,culex
train_04605.jpeg,culex
train_04606.jpeg,culex
train_04607.jpeg,albopictus
train_04608.jpeg,culex
train_04609.jpeg,culex
train_04610.jpeg,culex
train_04611.jpeg,albopictus
train_04612.jpeg,culex
train_04613.jpeg,albopictus
train_04614.jpeg,culex
train_04615.jpeg,culex
train_04616.jpeg,culex
train_04617.jpeg,albopictus
train_04618.jpeg,albopictus
train_04619.jpeg,culex
train_04620.jpeg,albopictus
train_04621.jpeg,albopictus
train_04622.jpeg,albopictus
train_04623.jpeg,albopictus
train_04624.jpeg,albopictus
train_04625.jpeg,culex
train_04626.jpeg,culex
train_04627.jpeg,culex
train_04628.jpeg,culex
train_04629.jpeg,albopictus
train_04630.jpeg,culex
train_04631.jpeg,albopictus
train_04632.jpeg,albopictus
train_04633.jpeg,culex
train_04634.jpeg,albopictus
train_04635.jpeg,culex
train_04636.jpeg,culex
train_04637.jpeg,albopictus
train_04638.jpeg,albopictus
train_04639.jpeg,albopictus
train_04640.jpeg,culex
train_04641.jpeg,albopictus
train_04642.jpeg,culiseta
train_04643.jpeg,albopictus
train_04644.jpeg,culex
train_04645.jpeg,albopictus
train_04646.jpeg,albopictus
train_04647.jpeg,culex
train_04648.jpeg,albopictus
train_04649.jpeg,culex
train_04650.jpeg,albopictus
train_04651.jpeg,albopictus
train_04652.jpeg,albopictus
train_04653.jpeg,culex
train_04654.jpeg,culex
train_04655.jpeg,albopictus
train_04656.jpeg,culex
train_04657.jpeg,albopictus
train_04658.jpeg,albopictus
train_04659.jpeg,culiseta
train_04660.jpeg,culex
train_04661.jpeg,albopictus
train_04662.jpeg,culex
train_04663.jpeg,albopictus
train_04664.jpeg,culex
train_04665.jpeg,culex
train_04666.jpeg,albopictus
train_04667.jpeg,albopictus
train_04668.jpeg,albopictus
train_04669.jpeg,albopictus
train_04670.jpeg,culex
train_04671.jpeg,culex
train_04672.jpeg,culex
train_04673.jpeg,albopictus
train_04674.jpeg,culex
train_04675.jpeg,culex
train_04676.jpeg,albopictus
train_04677.jpeg,culex
train_04678.jpeg,albopictus
train_04679.jpeg,culex
train_04680.jpeg,culex
train_04681.jpeg,culex
train_04682.jpeg,culiseta
train_04683.jpeg,albopictus
train_04684.jpeg,albopictus
train_04685.jpeg,albopictus
train_04686.jpeg,albopictus
train_04687.jpeg,albopictus
train_04688.jpeg,culex
train_04689.jpeg,albopictus
train_04690.jpeg,culex
train_04691.jpeg,albopictus
train_04692.jpeg,albopictus
train_04693.jpeg,culex
train_04694.jpeg,culex
train_04695.jpeg,albopictus
train_04696.jpeg,albopictus
train_04697.jpeg,albopictus
train_04698.jpeg,albopictus
train_04699.jpeg,culex
train_04700.jpeg,albopictus
train_04701.jpeg,albopictus
train_04702.jpeg,albopictus
train_04703.jpeg,culex
train_04704.jpeg,albopictus
train_04705.jpeg,albopictus
train_04706.jpeg,culex
train_04707.jpeg,culex
train_04708.jpeg,culex
train_04709.jpeg,culex
train_04710.jpeg,albopictus
train_04711.jpeg,albopictus
train_04712.jpeg,albopictus
train_04713.jpeg,albopictus
train_04714.jpeg,albopictus
train_04715.jpeg,culex
train_04716.jpeg,albopictus
train_04717.jpeg,culex
train_04718.jpeg,albopictus
train_04719.jpeg,albopictus
train_04720.jpeg,albopictus
train_04721.jpeg,culex
train_04722.jpeg,culex
train_04723.jpeg,albopictus
train_04724.jpeg,albopictus
train_04725.jpeg,albopictus
train_04726.jpeg,culex
train_04727.jpeg,culex
train_04728.jpeg,albopictus
train_04729.jpeg,albopictus
train_04730.jpeg,culex
train_04731.jpeg,albopictus
train_04732.jpeg,culex
train_04733.jpeg,culex
train_04734.jpeg,albopictus
train_04735.jpeg,albopictus
train_04736.jpeg,culex
train_04737.jpeg,albopictus
train_04738.jpeg,culex
train_04739.jpeg,albopictus
train_04740.jpeg,albopictus
train_04741.jpeg,albopictus
train_04742.jpeg,albopictus
train_04743.jpeg,culex
train_04744.jpeg,culex
train_04745.jpeg,culex
train_04746.jpeg,culex
train_04747.jpeg,albopictus
train_04748.jpeg,culex
train_04749.jpeg,albopictus
train_04750.jpeg,albopictus
train_04751.jpeg,albopictus
train_04752.jpeg,culex
train_04753.jpeg,albopictus
train_04754.jpeg,albopictus
train_04755.jpeg,culex
train_04756.jpeg,culex
train_04757.jpeg,culex
train_04758.jpeg,culex
train_04759.jpeg,culex
train_04760.jpeg,culex
train_04761.jpeg,albopictus
train_04762.jpeg,albopictus
train_04763.jpeg,culex
train_04764.jpeg,albopictus
train_04765.jpeg,albopictus
train_04766.jpeg,albopictus
train_04767.jpeg,albopictus
train_04768.jpeg,albopictus
train_04769.jpeg,albopictus
train_04770.jpeg,culex
train_04771.jpeg,albopictus
train_04772.jpeg,albopictus
train_04773.jpeg,culex
train_04774.jpeg,culex
train_04775.jpeg,albopictus
train_04776.jpeg,albopictus
train_04777.jpeg,albopictus
train_04778.jpeg,albopictus
train_04779.jpeg,albopictus
train_04780.jpeg,albopictus
train_04781.jpeg,culex
train_04782.jpeg,albopictus
train_04783.jpeg,culex
train_04784.jpeg,culex
train_04785.jpeg,albopictus
train_04786.jpeg,albopictus
train_04787.jpeg,albopictus
train_04788.jpeg,albopictus
train_04789.jpeg,albopictus
train_04790.jpeg,albopictus
train_04791.jpeg,culex
train_04792.jpeg,albopictus
train_04793.jpeg,culex
train_04794.jpeg,culex
train_04795.jpeg,culex
train_04796.jpeg,albopictus
train_04797.jpeg,culex
train_04798.jpeg,culex
train_04799.jpeg,culex
train_04800.jpeg,culex
train_04801.jpeg,albopictus
train_04802.jpeg,albopictus
train_04803.jpeg,albopictus
train_04804.jpeg,japonicus/koreicus
train_04805.jpeg,albopictus
train_04806.jpeg,culex
train_04807.jpeg,culex
train_04808.jpeg,albopictus
train_04809.jpeg,albopictus
train_04810.jpeg,albopictus
train_04811.jpeg,culex
train_04812.jpeg,albopictus
train_04813.jpeg,culex
train_04814.jpeg,culex
train_04815.jpeg,albopictus
train_04816.jpeg,culex
train_04817.jpeg,albopictus
train_04818.jpeg,culex
train_04819.jpeg,albopictus
train_04820.jpeg,albopictus
train_04821.jpeg,albopictus
train_04822.jpeg,albopictus
train_04823.jpeg,albopictus
train_04824.jpeg,albopictus
train_04825.jpeg,culex
train_04826.jpeg,albopictus
train_04827.jpeg,culex
train_04828.jpeg,albopictus
train_04829.jpeg,albopictus
train_04830.jpeg,albopictus
train_04831.jpeg,culex
train_04832.jpeg,culex
train_04833.jpeg,albopictus
train_04834.jpeg,albopictus
train_04835.jpeg,culex
train_04836.jpeg,culex
train_04837.jpeg,culex
train_04838.jpeg,albopictus
train_04839.jpeg,culex
train_04840.jpeg,culex
train_04841.jpeg,culex
train_04842.jpeg,culex
train_04843.jpeg,culex
train_04844.jpeg,albopictus
train_04845.jpeg,culex
train_04846.jpeg,culex
train_04847.jpeg,albopictus
train_04848.jpeg,culex
train_04849.jpeg,albopictus
train_04850.jpeg,culex
train_04851.jpeg,albopictus
train_04852.jpeg,culex
train_04853.jpeg,culex
train_04854.jpeg,culex
train_04855.jpeg,culex
train_04856.jpeg,albopictus
train_04857.jpeg,culex
train_04858.jpeg,culex
train_04859.jpeg,albopictus
train_04860.jpeg,albopictus
train_04861.jpeg,albopictus
train_04862.jpeg,albopictus
train_04863.jpeg,culex
train_04864.jpeg,albopictus
train_04865.jpeg,albopictus
train_04866.jpeg,albopictus
train_04867.jpeg,culex
train_04868.jpeg,albopictus
train_04869.jpeg,albopictus
train_04870.jpeg,albopictus
train_04871.jpeg,albopictus
train_04872.jpeg,albopictus
train_04873.jpeg,albopictus
train_04874.jpeg,albopictus
train_04875.jpeg,albopictus
train_04876.jpeg,albopictus
train_04877.jpeg,albopictus
train_04878.jpeg,albopictus
train_04879.jpeg,albopictus
train_04880.jpeg,albopictus
train_04881.jpeg,albopictus
train_04882.jpeg,culex
train_04883.jpeg,culex
train_04884.jpeg,albopictus
train_04885.jpeg,albopictus
train_04886.jpeg,culex
train_04887.jpeg,albopictus
train_04888.jpeg,albopictus
train_04889.jpeg,albopictus
train_04890.jpeg,culiseta
train_04891.jpeg,albopictus
train_04892.jpeg,culex
train_04893.jpeg,albopictus
train_04894.jpeg,unknown
train_04895.jpeg,unknown
train_04896.jpeg,unknown
train_04897.jpeg,unknown
train_04898.jpeg,unknown
train_04899.jpeg,unknown
train_04900.jpeg,unknown
train_04901.jpeg,unknown
train_04902.jpeg,unknown
train_04903.jpeg,unknown
train_04904.jpeg,unknown
train_04905.jpeg,unknown
train_04906.jpeg,unknown
train_04907.jpeg,unknown
train_04908.jpeg,unknown
train_04909.jpeg,unknown
train_04910.jpeg,unknown
train_04911.jpeg,unknown
train_04912.jpeg,unknown
train_04913.jpeg,unknown
train_04914.jpeg,unknown
train_04915.jpeg,unknown
train_04916.jpeg,unknown
train_04917.jpeg,unknown
train_04918.jpeg,unknown
train_04919.jpeg,unknown
train_04920.jpeg,unknown
train_04921.jpeg,unknown
train_04922.jpeg,unknown
train_04923.jpeg,unknown
train_04924.jpeg,unknown
train_04925.jpeg,unknown
train_04926.jpeg,unknown
train_04927.jpeg,unknown
train_04928.jpeg,unknown
train_04929.jpeg,unknown
train_04930.jpeg,unknown
train_04931.jpeg,unknown
train_04932.jpeg,unknown
train_04933.jpeg,unknown
train_04934.jpeg,unknown
train_04935.jpeg,unknown
train_04936.jpeg,unknown
train_04937.jpeg,unknown
train_04938.jpeg,unknown
train_04939.jpeg,unknown
train_04940.jpeg,unknown
train_04941.jpeg,unknown
train_04942.jpeg,unknown
train_04943.jpeg,unknown
train_04944.jpeg,unknown
train_04945.jpeg,unknown
train_04946.jpeg,unknown
train_04947.jpeg,unknown
train_04948.jpeg,unknown
train_04949.jpeg,unknown
train_04950.jpeg,unknown
train_04951.jpeg,unknown
train_04952.jpeg,unknown
train_04953.jpeg,unknown
train_04954.jpeg,unknown
train_04955.jpeg,unknown
train_04956.jpeg,unknown
train_04957.jpeg,unknown
train_04958.jpeg,unknown
train_04959.jpeg,unknown
train_04960.jpeg,unknown
train_04961.jpeg,unknown
train_04962.jpeg,unknown
train_04963.jpeg,unknown
train_04964.jpeg,unknown
train_04965.jpeg,unknown
train_04966.jpeg,unknown
train_04967.jpeg,unknown
train_04968.jpeg,unknown
train_04969.jpeg,unknown
train_04970.jpeg,unknown
train_04971.jpeg,unknown
train_04972.jpeg,unknown
train_04973.jpeg,unknown
train_04974.jpeg,unknown
train_04975.jpeg,unknown
train_04976.jpeg,unknown
train_04977.jpeg,unknown
train_04978.jpeg,unknown
train_04979.jpeg,unknown
train_04980.jpeg,unknown
train_04981.jpeg,unknown
train_04982.jpeg,unknown
train_04983.jpeg,unknown
train_04984.jpeg,unknown
train_04985.jpeg,unknown
train_04986.jpeg,unknown
train_04987.jpeg,unknown
train_04988.jpeg,unknown
train_04989.jpeg,unknown
train_04990.jpeg,unknown
train_04991.jpeg,unknown
train_04992.jpeg,unknown
train_04993.jpeg,unknown
train_04994.jpeg,unknown
train_04995.jpeg,unknown
train_04996.jpeg,unknown
train_04997.jpeg,unknown
train_04998.jpeg,unknown
train_04999.jpeg,unknown
train_05000.jpeg,unknown
train_05001.jpeg,unknown
train_05002.jpeg,unknown
train_05003.jpeg,unknown
train_05004.jpeg,unknown
train_05005.jpeg,unknown
train_05006.jpeg,unknown
train_05007.jpeg,unknown
train_05008.jpeg,unknown
train_05009.jpeg,unknown
train_05010.jpeg,unknown
train_05011.jpeg,unknown
train_05012.jpeg,unknown
train_05013.jpeg,unknown
train_05014.jpeg,unknown
train_05015.jpeg,unknown
train_05016.jpeg,unknown
train_05017.jpeg,unknown
train_05018.jpeg,unknown
train_05019.jpeg,unknown
train_05020.jpeg,unknown
train_05021.jpeg,unknown
train_05022.jpeg,unknown
train_05023.jpeg,unknown
train_05024.jpeg,unknown
train_05025.jpeg,unknown
train_05026.jpeg,unknown
train_05027.jpeg,unknown
train_05028.jpeg,unknown
train_05029.jpeg,unknown
train_05030.jpeg,unknown
train_05031.jpeg,unknown
train_05032.jpeg,unknown
train_05033.jpeg,unknown
train_05034.jpeg,unknown
train_05035.jpeg,unknown
train_05036.jpeg,unknown
train_05037.jpeg,unknown
train_05038.jpeg,unknown
train_05039.jpeg,unknown
train_05040.jpeg,unknown
train_05041.jpeg,unknown
train_05042.jpeg,unknown
train_05043.jpeg,unknown
train_05044.jpeg,unknown
train_05045.jpeg,unknown
train_05046.jpeg,unknown
train_05047.jpeg,unknown
train_05048.jpeg,unknown
train_05049.jpeg,unknown
train_05050.jpeg,unknown
train_05051.jpeg,unknown
train_05052.jpeg,unknown
train_05053.jpeg,unknown
train_05054.jpeg,unknown
train_05055.jpeg,unknown
train_05056.jpeg,unknown
train_05057.jpeg,unknown
train_05058.jpeg,unknown
train_05059.jpeg,unknown
train_05060.jpeg,unknown
train_05061.jpeg,unknown
train_05062.jpeg,unknown
train_05063.jpeg,unknown
train_05064.jpeg,unknown
train_05065.jpeg,unknown
train_05066.jpeg,unknown
train_05067.jpeg,unknown
train_05068.jpeg,unknown
train_05069.jpeg,unknown
train_05070.jpeg,unknown
train_05071.jpeg,unknown
train_05072.jpeg,unknown
train_05073.jpeg,unknown
train_05074.jpeg,unknown
train_05075.jpeg,unknown
train_05076.jpeg,unknown
train_05077.jpeg,unknown
train_05078.jpeg,unknown
train_05079.jpeg,unknown
train_05080.jpeg,unknown
train_05081.jpeg,unknown
train_05082.jpeg,unknown
train_05083.jpeg,unknown
train_05084.jpeg,unknown
train_05085.jpeg,unknown
train_05086.jpeg,unknown
train_05087.jpeg,unknown
train_05088.jpeg,unknown
train_05089.jpeg,unknown
train_05090.jpeg,unknown
train_05091.jpeg,unknown
train_05092.jpeg,unknown
train_05093.jpeg,unknown
train_05094.jpeg,unknown
train_05095.jpeg,unknown
train_05096.jpeg,unknown
train_05097.jpeg,unknown
train_05098.jpeg,unknown
train_05099.jpeg,unknown
train_05100.jpeg,unknown
train_05101.jpeg,unknown
train_05102.jpeg,unknown
train_05103.jpeg,unknown
train_05104.jpeg,unknown
train_05105.jpeg,unknown
train_05106.jpeg,unknown
train_05107.jpeg,unknown
train_05108.jpeg,unknown
train_05109.jpeg,unknown
train_05110.jpeg,unknown
train_05111.jpeg,unknown
train_05112.jpeg,unknown
train_05113.jpeg,unknown
train_05114.jpeg,unknown
train_05115.jpeg,unknown
train_05116.jpeg,unknown
train_05117.jpeg,unknown
train_05118.jpeg,unknown
train_05119.jpeg,unknown
train_05120.jpeg,unknown
train_05121.jpeg,unknown
train_05122.jpeg,unknown
train_05123.jpeg,unknown
train_05124.jpeg,unknown
train_05125.jpeg,unknown
train_05126.jpeg,unknown
train_05127.jpeg,unknown
train_05128.jpeg,unknown
train_05129.jpeg,unknown
train_05130.jpeg,unknown
train_05131.jpeg,unknown
train_05132.jpeg,unknown
train_05133.jpeg,unknown
train_05134.jpeg,unknown
train_05135.jpeg,unknown
train_05136.jpeg,unknown
train_05137.jpeg,unknown
train_05138.jpeg,unknown
train_05139.jpeg,unknown
train_05140.jpeg,unknown
train_05141.jpeg,unknown
train_05142.jpeg,unknown
train_05143.jpeg,unknown
train_05144.jpeg,unknown
train_05145.jpeg,unknown
train_05146.jpeg,unknown
train_05147.jpeg,unknown
train_05148.jpeg,unknown
train_05149.jpeg,unknown
train_05150.jpeg,unknown
train_05151.jpeg,unknown
train_05152.jpeg,unknown
train_05153.jpeg,unknown
train_05154.jpeg,unknown
train_05155.jpeg,unknown
train_05156.jpeg,unknown
train_05157.jpeg,unknown
train_05158.jpeg,unknown
train_05159.jpeg,unknown
train_05160.jpeg,unknown
train_05161.jpeg,unknown
train_05162.jpeg,unknown
train_05163.jpeg,unknown
train_05164.jpeg,unknown
train_05165.jpeg,unknown
train_05166.jpeg,unknown
train_05167.jpeg,unknown
train_05168.jpeg,unknown
train_05169.jpeg,unknown
train_05170.jpeg,unknown
train_05171.jpeg,unknown
train_05172.jpeg,unknown
train_05173.jpeg,unknown
train_05174.jpeg,unknown
train_05175.jpeg,unknown
train_05176.jpeg,unknown
train_05177.jpeg,unknown
train_05178.jpeg,unknown
train_05179.jpeg,unknown
train_05180.jpeg,unknown
train_05181.jpeg,unknown
train_05182.jpeg,unknown
train_05183.jpeg,unknown
train_05184.jpeg,unknown
train_05185.jpeg,unknown
train_05186.jpeg,unknown
train_05187.jpeg,unknown
train_05188.jpeg,unknown
train_05189.jpeg,unknown
train_05190.jpeg,unknown
train_05191.jpeg,unknown
train_05192.jpeg,unknown
train_05193.jpeg,unknown
train_05194.jpeg,unknown
train_05195.jpeg,unknown
train_05196.jpeg,unknown
train_05197.jpeg,unknown
train_05198.jpeg,unknown
train_05199.jpeg,unknown
train_05200.jpeg,unknown
train_05201.jpeg,unknown
train_05202.jpeg,unknown
train_05203.jpeg,unknown
train_05204.jpeg,unknown
train_05205.jpeg,unknown
train_05206.jpeg,unknown
train_05207.jpeg,unknown
train_05208.jpeg,unknown
train_05209.jpeg,unknown
train_05210.jpeg,unknown
train_05211.jpeg,unknown
train_05212.jpeg,unknown
train_05213.jpeg,unknown
train_05214.jpeg,unknown
train_05215.jpeg,unknown
train_05216.jpeg,unknown
train_05217.jpeg,unknown
train_05218.jpeg,unknown
train_05219.jpeg,unknown
train_05220.jpeg,unknown
train_05221.jpeg,unknown
train_05222.jpeg,unknown
train_05223.jpeg,unknown
train_05224.jpeg,unknown
train_05225.jpeg,unknown
train_05226.jpeg,unknown
train_05227.jpeg,unknown
train_05228.jpeg,unknown
train_05229.jpeg,unknown
train_05230.jpeg,unknown
train_05231.jpeg,unknown
train_05232.jpeg,unknown
train_05233.jpeg,unknown
train_05234.jpeg,unknown
train_05235.jpeg,unknown
train_05236.jpeg,unknown
train_05237.jpeg,unknown
train_05238.jpeg,unknown
train_05239.jpeg,unknown
train_05240.jpeg,unknown
train_05241.jpeg,unknown
train_05242.jpeg,unknown
train_05243.jpeg,unknown
train_05244.jpeg,unknown
train_05245.jpeg,unknown
train_05246.jpeg,unknown
train_05247.jpeg,unknown
train_05248.jpeg,unknown
train_05249.jpeg,unknown
train_05250.jpeg,unknown
train_05251.jpeg,unknown
train_05252.jpeg,unknown
train_05253.jpeg,unknown
train_05254.jpeg,unknown
train_05255.jpeg,unknown
train_05256.jpeg,unknown
train_05257.jpeg,unknown
train_05258.jpeg,unknown
train_05259.jpeg,unknown
train_05260.jpeg,unknown
train_05261.jpeg,unknown
train_05262.jpeg,unknown
train_05263.jpeg,unknown
train_05264.jpeg,unknown
train_05265.jpeg,unknown
train_05266.jpeg,unknown
train_05267.jpeg,unknown
train_05268.jpeg,unknown
train_05269.jpeg,unknown
train_05270.jpeg,unknown
train_05271.jpeg,unknown
train_05272.jpeg,unknown
train_05273.jpeg,unknown
train_05274.jpeg,unknown
train_05275.jpeg,unknown
train_05276.jpeg,unknown
train_05277.jpeg,unknown
train_05278.jpeg,unknown
train_05279.jpeg,unknown
train_05280.jpeg,unknown
train_05281.jpeg,unknown
train_05282.jpeg,unknown
train_05283.jpeg,unknown
train_05284.jpeg,unknown
train_05285.jpeg,unknown
train_05286.jpeg,unknown
train_05287.jpeg,unknown
train_05288.jpeg,unknown
train_05289.jpeg,unknown
train_05290.jpeg,unknown
train_05291.jpeg,unknown
train_05292.jpeg,unknown
train_05293.jpeg,unknown
train_05294.jpeg,unknown
train_05295.jpeg,unknown
train_05296.jpeg,unknown
train_05297.jpeg,unknown
train_05298.jpeg,unknown
train_05299.jpeg,unknown
train_05300.jpeg,unknown
train_05301.jpeg,unknown
train_05302.jpeg,unknown
train_05303.jpeg,unknown
train_05304.jpeg,unknown
train_05305.jpeg,unknown
train_05306.jpeg,unknown
train_05307.jpeg,unknown
train_05308.jpeg,unknown
train_05309.jpeg,unknown
train_05310.jpeg,unknown
train_05311.jpeg,unknown
train_05312.jpeg,unknown
train_05313.jpeg,unknown
train_05314.jpeg,unknown
train_05315.jpeg,unknown
train_05316.jpeg,unknown
train_05317.jpeg,unknown
train_05318.jpeg,unknown
train_05319.jpeg,unknown
train_05320.jpeg,unknown
train_05321.jpeg,unknown
train_05322.jpeg,unknown
train_05323.jpeg,unknown
train_05324.jpeg,unknown
train_05325.jpeg,unknown
train_05326.jpeg,unknown
train_05327.jpeg,unknown
train_05328.jpeg,unknown
train_05329.jpeg,unknown
train_05330.jpeg,unknown
train_05331.jpeg,unknown
train_05332.jpeg,unknown
train_05333.jpeg,unknown
train_05334.jpeg,unknown
train_05335.jpeg,unknown
train_05336.jpeg,unknown
train_05337.jpeg,unknown
train_05338.jpeg,unknown
train_05339.jpeg,unknown
train_05340.jpeg,unknown
train_05341.jpeg,unknown
train_05342.jpeg,unknown
train_05343.jpeg,unknown
train_05344.jpeg,unknown
train_05345.jpeg,unknown
train_05346.jpeg,unknown
train_05347.jpeg,unknown
train_05348.jpeg,unknown
train_05349.jpeg,unknown
train_05350.jpeg,unknown
train_05351.jpeg,unknown
train_05352.jpeg,unknown
train_05353.jpeg,unknown
train_05354.jpeg,unknown
train_05355.jpeg,unknown
train_05356.jpeg,unknown
train_05357.jpeg,unknown
train_05358.jpeg,unknown
train_05359.jpeg,unknown
train_05360.jpeg,unknown
train_05361.jpeg,unknown
train_05362.jpeg,unknown
train_05363.jpeg,unknown
train_05364.jpeg,unknown
train_05365.jpeg,unknown
train_05366.jpeg,unknown
train_05367.jpeg,unknown
train_05368.jpeg,unknown
train_05369.jpeg,unknown
train_05370.jpeg,unknown
train_05371.jpeg,unknown
train_05372.jpeg,unknown
train_05373.jpeg,unknown
train_05374.jpeg,unknown
train_05375.jpeg,unknown
train_05376.jpeg,unknown
train_05377.jpeg,unknown
train_05378.jpeg,unknown
train_05379.jpeg,unknown
train_05380.jpeg,unknown
train_05381.jpeg,unknown
train_05382.jpeg,unknown
train_05383.jpeg,unknown
train_05384.jpeg,unknown
train_05385.jpeg,unknown
train_05386.jpeg,unknown
train_05387.jpeg,unknown
train_05388.jpeg,unknown
train_05389.jpeg,unknown
train_05390.jpeg,unknown
train_05391.jpeg,unknown
train_05392.jpeg,unknown
train_05393.jpeg,unknown
train_05394.jpeg,unknown
train_05395.jpeg,unknown
train_05396.jpeg,unknown
train_05397.jpeg,unknown
train_05398.jpeg,unknown
train_05399.jpeg,unknown
train_05400.jpeg,unknown
train_05401.jpeg,unknown
train_05402.jpeg,unknown
train_05403.jpeg,unknown
train_05404.jpeg,unknown
train_05405.jpeg,unknown
train_05406.jpeg,unknown
train_05407.jpeg,unknown
train_05408.jpeg,unknown
train_05409.jpeg,unknown
train_05410.jpeg,unknown
train_05411.jpeg,unknown
train_05412.jpeg,unknown
train_05413.jpeg,unknown
train_05414.jpeg,unknown
train_05415.jpeg,unknown
train_05416.jpeg,unknown
train_05417.jpeg,unknown
train_05418.jpeg,unknown
train_05419.jpeg,unknown
train_05420.jpeg,unknown
train_05421.jpeg,unknown
train_05422.jpeg,unknown
train_05423.jpeg,unknown
train_05424.jpeg,unknown
train_05425.jpeg,unknown
train_05426.jpeg,unknown
train_05427.jpeg,unknown
train_05428.jpeg,unknown
train_05429.jpeg,unknown
train_05430.jpeg,unknown
train_05431.jpeg,unknown
train_05432.jpeg,unknown
train_05433.jpeg,unknown
train_05434.jpeg,unknown
train_05435.jpeg,unknown
train_05436.jpeg,unknown
train_05437.jpeg,unknown
train_05438.jpeg,unknown
train_05439.jpeg,unknown
train_05440.jpeg,unknown
train_05441.jpeg,unknown
train_05442.jpeg,unknown
train_05443.jpeg,unknown
train_05444.jpeg,unknown
train_05445.jpeg,unknown
train_05446.jpeg,unknown
train_05447.jpeg,unknown
train_05448.jpeg,unknown
train_05449.jpeg,unknown
train_05450.jpeg,unknown
train_05451.jpeg,unknown
train_05452.jpeg,unknown
train_05453.jpeg,unknown
train_05454.jpeg,unknown
train_05455.jpeg,unknown
train_05456.jpeg,unknown
train_05457.jpeg,unknown
train_05458.jpeg,unknown
train_05459.jpeg,unknown
train_05460.jpeg,unknown
train_05461.jpeg,unknown
train_05462.jpeg,unknown
train_05463.jpeg,unknown
train_05464.jpeg,unknown
train_05465.jpeg,unknown
train_05466.jpeg,unknown
train_05467.jpeg,unknown
train_05468.jpeg,unknown
train_05469.jpeg,unknown
train_05470.jpeg,unknown
train_05471.jpeg,unknown
train_05472.jpeg,unknown
train_05473.jpeg,unknown
train_05474.jpeg,unknown
train_05475.jpeg,unknown
train_05476.jpeg,unknown
train_05477.jpeg,unknown
train_05478.jpeg,unknown
train_05479.jpeg,unknown
train_05480.jpeg,unknown
train_05481.jpeg,unknown
train_05482.jpeg,unknown
train_05483.jpeg,unknown
train_05484.jpeg,unknown
train_05485.jpeg,unknown
train_05486.jpeg,unknown
train_05487.jpeg,unknown
train_05488.jpeg,unknown
train_05489.jpeg,unknown
train_05490.jpeg,unknown
train_05491.jpeg,unknown
train_05492.jpeg,unknown
train_05493.jpeg,unknown
train_05494.jpeg,unknown
train_05495.jpeg,unknown
train_05496.jpeg,unknown
train_05497.jpeg,unknown
train_05498.jpeg,unknown
train_05499.jpeg,unknown
train_05500.jpeg,unknown
train_05501.jpeg,unknown
train_05502.jpeg,unknown
train_05503.jpeg,unknown
train_05504.jpeg,unknown
train_05505.jpeg,unknown
train_05506.jpeg,unknown
train_05507.jpeg,unknown
train_05508.jpeg,unknown
train_05509.jpeg,unknown
train_05510.jpeg,unknown
train_05511.jpeg,unknown
train_05512.jpeg,unknown
train_05513.jpeg,unknown
train_05514.jpeg,unknown
train_05515.jpeg,unknown
train_05516.jpeg,unknown
train_05517.jpeg,unknown
train_05518.jpeg,unknown
train_05519.jpeg,unknown
train_05520.jpeg,unknown
train_05521.jpeg,unknown
train_05522.jpeg,unknown
train_05523.jpeg,unknown
train_05524.jpeg,unknown
train_05525.jpeg,unknown
train_05526.jpeg,unknown
train_05527.jpeg,unknown
train_05528.jpeg,unknown
train_05529.jpeg,unknown
train_05530.jpeg,unknown
train_05531.jpeg,unknown
train_05532.jpeg,unknown
train_05533.jpeg,unknown
train_05534.jpeg,unknown
train_05535.jpeg,unknown
train_05536.jpeg,unknown
train_05537.jpeg,unknown
train_05538.jpeg,unknown
train_05539.jpeg,unknown
train_05540.jpeg,unknown
train_05541.jpeg,unknown
train_05542.jpeg,unknown
train_05543.jpeg,unknown
train_05544.jpeg,unknown
train_05545.jpeg,unknown
train_05546.jpeg,unknown
train_05547.jpeg,unknown
train_05548.jpeg,unknown
train_05549.jpeg,unknown
train_05550.jpeg,unknown
train_05551.jpeg,unknown
train_05552.jpeg,unknown
train_05553.jpeg,unknown
train_05554.jpeg,unknown
train_05555.jpeg,unknown
train_05556.jpeg,unknown
train_05557.jpeg,unknown
train_05558.jpeg,unknown
train_05559.jpeg,unknown
train_05560.jpeg,unknown
train_05561.jpeg,unknown
train_05562.jpeg,unknown
train_05563.jpeg,unknown
train_05564.jpeg,unknown
train_05565.jpeg,unknown
train_05566.jpeg,unknown
train_05567.jpeg,unknown
train_05568.jpeg,unknown
train_05569.jpeg,unknown
train_05570.jpeg,unknown
train_05571.jpeg,unknown
train_05572.jpeg,unknown
train_05573.jpeg,unknown
train_05574.jpeg,unknown
train_05575.jpeg,unknown
train_05576.jpeg,unknown
train_05577.jpeg,unknown
train_05578.jpeg,unknown
train_05579.jpeg,unknown
train_05580.jpeg,unknown
train_05581.jpeg,unknown
train_05582.jpeg,unknown
train_05583.jpeg,unknown
train_05584.jpeg,unknown
train_05585.jpeg,unknown
train_05586.jpeg,unknown
train_05587.jpeg,unknown
train_05588.jpeg,unknown
train_05589.jpeg,unknown
train_05590.jpeg,unknown
train_05591.jpeg,unknown
train_05592.jpeg,unknown
train_05593.jpeg,unknown
train_05594.jpeg,unknown
train_05595.jpeg,unknown
train_05596.jpeg,unknown
train_05597.jpeg,unknown
train_05598.jpeg,unknown
train_05599.jpeg,unknown
train_05600.jpeg,unknown
train_05601.jpeg,unknown
train_05602.jpeg,unknown
train_05603.jpeg,unknown
train_05604.jpeg,unknown
train_05605.jpeg,unknown
train_05606.jpeg,unknown
train_05607.jpeg,unknown
train_05608.jpeg,unknown
train_05609.jpeg,unknown
train_05610.jpeg,unknown
train_05611.jpeg,unknown
train_05612.jpeg,unknown
train_05613.jpeg,unknown
train_05614.jpeg,unknown
train_05615.jpeg,unknown
train_05616.jpeg,unknown
train_05617.jpeg,unknown
train_05618.jpeg,unknown
train_05619.jpeg,unknown
train_05620.jpeg,unknown
train_05621.jpeg,unknown
train_05622.jpeg,unknown
train_05623.jpeg,unknown
train_05624.jpeg,unknown
train_05625.jpeg,unknown
train_05626.jpeg,unknown
train_05627.jpeg,unknown
train_05628.jpeg,unknown
train_05629.jpeg,unknown
train_05630.jpeg,unknown
train_05631.jpeg,unknown
train_05632.jpeg,unknown
train_05633.jpeg,unknown
train_05634.jpeg,unknown
train_05635.jpeg,unknown
train_05636.jpeg,unknown
train_05637.jpeg,unknown
train_05638.jpeg,unknown
train_05639.jpeg,unknown
train_05640.jpeg,unknown
train_05641.jpeg,unknown
train_05642.jpeg,unknown
train_05643.jpeg,unknown
train_05644.jpeg,unknown
train_05645.jpeg,unknown
train_05646.jpeg,unknown
train_05647.jpeg,unknown
train_05648.jpeg,unknown
train_05649.jpeg,unknown
train_05650.jpeg,unknown
train_05651.jpeg,unknown
train_05652.jpeg,unknown
train_05653.jpeg,unknown
train_05654.jpeg,unknown
train_05655.jpeg,unknown
train_05656.jpeg,unknown
train_05657.jpeg,unknown
train_05658.jpeg,unknown
train_05659.jpeg,unknown
train_05660.jpeg,unknown
train_05661.jpeg,unknown
train_05662.jpeg,unknown
train_05663.jpeg,unknown
train_05664.jpeg,unknown
train_05665.jpeg,unknown
train_05666.jpeg,unknown
train_05667.jpeg,unknown
train_05668.jpeg,unknown
train_05669.jpeg,unknown
train_05670.jpeg,unknown
train_05671.jpeg,unknown
train_05672.jpeg,unknown
train_05673.jpeg,unknown
train_05674.jpeg,unknown
train_05675.jpeg,unknown
train_05676.jpeg,unknown
train_05677.jpeg,unknown
train_05678.jpeg,unknown
train_05679.jpeg,unknown
train_05680.jpeg,unknown
train_05681.jpeg,unknown
train_05682.jpeg,unknown
train_05683.jpeg,unknown
train_05684.jpeg,unknown
train_05685.jpeg,unknown
train_05686.jpeg,unknown
train_05687.jpeg,unknown
train_05688.jpeg,unknown
train_05689.jpeg,unknown
train_05690.jpeg,unknown
train_05691.jpeg,unknown
train_05692.jpeg,unknown
train_05693.jpeg,unknown
train_05694.jpeg,unknown
train_05695.jpeg,unknown
train_05696.jpeg,unknown
train_05697.jpeg,unknown
train_05698.jpeg,unknown
train_05699.jpeg,unknown
train_05700.jpeg,unknown
train_05701.jpeg,unknown
train_05702.jpeg,unknown
train_05703.jpeg,unknown
train_05704.jpeg,unknown
train_05705.jpeg,unknown
train_05706.jpeg,unknown
train_05707.jpeg,unknown
train_05708.jpeg,unknown
train_05709.jpeg,unknown
train_05710.jpeg,unknown
train_05711.jpeg,unknown
train_05712.jpeg,unknown
train_05713.jpeg,unknown
train_05714.jpeg,unknown
train_05715.jpeg,unknown
train_05716.jpeg,unknown
train_05717.jpeg,unknown
train_05718.jpeg,unknown
train_05719.jpeg,unknown
train_05720.jpeg,unknown
train_05721.jpeg,unknown
train_05722.jpeg,unknown
train_05723.jpeg,unknown
train_05724.jpeg,unknown
train_05725.jpeg,unknown
train_05726.jpeg,unknown
train_05727.jpeg,unknown
train_05728.jpeg,unknown
train_05729.jpeg,unknown
train_05730.jpeg,unknown
train_05731.jpeg,unknown
train_05732.jpeg,unknown
train_05733.jpeg,unknown
train_05734.jpeg,unknown
train_05735.jpeg,unknown
train_05736.jpeg,unknown
train_05737.jpeg,unknown
train_05738.jpeg,unknown
train_05739.jpeg,unknown
train_05740.jpeg,unknown
train_05741.jpeg,unknown
train_05742.jpeg,unknown
train_05743.jpeg,unknown
train_05744.jpeg,unknown
train_05745.jpeg,unknown
train_05746.jpeg,unknown
train_05747.jpeg,unknown
train_05748.jpeg,unknown
train_05749.jpeg,unknown
train_05750.jpeg,unknown
train_05751.jpeg,unknown
train_05752.jpeg,unknown
train_05753.jpeg,unknown
train_05754.jpeg,unknown
train_05755.jpeg,unknown
train_05756.jpeg,unknown
train_05757.jpeg,unknown
train_05758.jpeg,unknown
train_05759.jpeg,unknown
train_05760.jpeg,unknown
train_05761.jpeg,unknown
train_05762.jpeg,unknown
train_05763.jpeg,unknown
train_05764.jpeg,unknown
train_05765.jpeg,unknown
train_05766.jpeg,unknown
train_05767.jpeg,unknown
train_05768.jpeg,unknown
train_05769.jpeg,unknown
train_05770.jpeg,unknown
train_05771.jpeg,unknown
train_05772.jpeg,unknown
train_05773.jpeg,unknown
train_05774.jpeg,unknown
train_05775.jpeg,unknown
train_05776.jpeg,unknown
train_05777.jpeg,unknown
train_05778.jpeg,unknown
train_05779.jpeg,unknown
train_05780.jpeg,unknown
train_05781.jpeg,unknown
train_05782.jpeg,unknown
train_05783.jpeg,unknown
train_05784.jpeg,unknown
train_05785.jpeg,unknown
train_05786.jpeg,unknown
train_05787.jpeg,unknown
train_05788.jpeg,unknown
train_05789.jpeg,unknown
train_05790.jpeg,unknown
train_05791.jpeg,unknown
train_05792.jpeg,unknown
train_05793.jpeg,unknown
train_05794.jpeg,unknown
train_05795.jpeg,unknown
train_05796.jpeg,unknown
train_05797.jpeg,unknown
train_05798.jpeg,unknown
train_05799.jpeg,unknown
train_05800.jpeg,unknown
train_05801.jpeg,unknown
train_05802.jpeg,unknown
train_05803.jpeg,unknown
train_05804.jpeg,unknown
train_05805.jpeg,unknown
train_05806.jpeg,unknown
train_05807.jpeg,unknown
train_05808.jpeg,unknown
train_05809.jpeg,unknown
train_05810.jpeg,unknown
train_05811.jpeg,unknown
train_05812.jpeg,unknown
train_05813.jpeg,unknown
train_05814.jpeg,unknown
train_05815.jpeg,unknown
train_05816.jpeg,unknown
train_05817.jpeg,unknown
train_05818.jpeg,unknown
train_05819.jpeg,unknown
train_05820.jpeg,unknown
train_05821.jpeg,unknown
train_05822.jpeg,unknown
train_05823.jpeg,unknown
train_05824.jpeg,unknown
train_05825.jpeg,unknown
train_05826.jpeg,unknown
train_05827.jpeg,unknown
train_05828.jpeg,unknown
train_05829.jpeg,unknown
train_05830.jpeg,unknown
train_05831.jpeg,unknown
train_05832.jpeg,unknown
train_05833.jpeg,unknown
train_05834.jpeg,unknown
train_05835.jpeg,unknown
train_05836.jpeg,unknown
train_05837.jpeg,unknown
train_05838.jpeg,unknown
train_05839.jpeg,unknown
train_05840.jpeg,unknown
train_05841.jpeg,unknown
train_05842.jpeg,unknown
train_05843.jpeg,unknown
train_05844.jpeg,unknown
train_05845.jpeg,unknown
train_05846.jpeg,unknown
train_05847.jpeg,unknown
train_05848.jpeg,unknown
train_05849.jpeg,unknown
train_05850.jpeg,unknown
train_05851.jpeg,unknown
train_05852.jpeg,unknown
train_05853.jpeg,unknown
train_05854.jpeg,unknown
train_05855.jpeg,unknown
train_05856.jpeg,unknown
train_05857.jpeg,unknown
train_05858.jpeg,unknown
train_05859.jpeg,unknown
train_05860.jpeg,unknown
train_05861.jpeg,unknown
train_05862.jpeg,unknown
train_05863.jpeg,unknown
train_05864.jpeg,unknown
train_05865.jpeg,unknown
train_05866.jpeg,unknown
train_05867.jpeg,unknown
train_05868.jpeg,unknown
train_05869.jpeg,unknown
train_05870.jpeg,unknown
train_05871.jpeg,unknown
train_05872.jpeg,unknown
train_05873.jpeg,unknown
train_05874.jpeg,unknown
train_05875.jpeg,unknown
train_05876.jpeg,unknown
train_05877.jpeg,unknown
train_05878.jpeg,unknown
train_05879.jpeg,unknown
train_05880.jpeg,unknown
train_05881.jpeg,unknown
train_05882.jpeg,unknown
train_05883.jpeg,unknown
train_05884.jpeg,unknown
train_05885.jpeg,unknown
train_05886.jpeg,unknown
train_05887.jpeg,unknown
train_05888.jpeg,unknown
train_05889.jpeg,unknown
train_05890.jpeg,unknown
train_05891.jpeg,unknown
train_05892.jpeg,unknown
train_05893.jpeg,unknown
train_05894.jpeg,unknown
train_05895.jpeg,unknown
train_05896.jpeg,unknown
train_05897.jpeg,unknown
train_05898.jpeg,unknown
train_05899.jpeg,unknown
train_05900.jpeg,unknown
train_05901.jpeg,unknown
train_05902.jpeg,unknown
train_05903.jpeg,unknown
train_05904.jpeg,unknown
train_05905.jpeg,unknown
train_05906.jpeg,unknown
train_05907.jpeg,unknown
train_05908.jpeg,unknown
train_05909.jpeg,unknown
train_05910.jpeg,unknown
train_05911.jpeg,unknown
train_05912.jpeg,unknown
train_05913.jpeg,unknown
train_05914.jpeg,unknown
train_05915.jpeg,unknown
train_05916.jpeg,unknown
train_05917.jpeg,unknown
train_05918.jpeg,unknown
train_05919.jpeg,unknown
train_05920.jpeg,unknown
train_05921.jpeg,unknown
train_05922.jpeg,unknown
train_05923.jpeg,unknown
train_05924.jpeg,unknown
train_05925.jpeg,unknown
train_05926.jpeg,unknown
train_05927.jpeg,unknown
train_05928.jpeg,unknown
train_05929.jpeg,unknown
train_05930.jpeg,unknown
train_05931.jpeg,unknown
train_05932.jpeg,unknown
train_05933.jpeg,unknown
train_05934.jpeg,unknown
train_05935.jpeg,unknown
train_05936.jpeg,unknown
train_05937.jpeg,unknown
train_05938.jpeg,unknown
train_05939.jpeg,unknown
train_05940.jpeg,unknown
train_05941.jpeg,unknown
train_05942.jpeg,unknown
train_05943.jpeg,unknown
train_05944.jpeg,unknown
train_05945.jpeg,unknown
train_05946.jpeg,unknown
train_05947.jpeg,unknown
train_05948.jpeg,unknown
train_05949.jpeg,unknown
train_05950.jpeg,unknown
train_05951.jpeg,unknown
train_05952.jpeg,unknown
train_05953.jpeg,unknown
train_05954.jpeg,unknown
train_05955.jpeg,unknown
train_05956.jpeg,unknown
train_05957.jpeg,unknown
train_05958.jpeg,unknown
train_05959.jpeg,unknown
train_05960.jpeg,unknown
train_05961.jpeg,unknown
train_05962.jpeg,unknown
train_05963.jpeg,unknown
train_05964.jpeg,unknown
train_05965.jpeg,unknown
train_05966.jpeg,unknown
train_05967.jpeg,unknown
train_05968.jpeg,unknown
train_05969.jpeg,unknown
train_05970.jpeg,unknown
train_05971.jpeg,unknown
train_05972.jpeg,unknown
train_05973.jpeg,unknown
train_05974.jpeg,unknown
train_05975.jpeg,unknown
train_05976.jpeg,unknown
train_05977.jpeg,unknown
train_05978.jpeg,unknown
train_05979.jpeg,unknown
train_05980.jpeg,unknown
train_05981.jpeg,unknown
train_05982.jpeg,unknown
train_05983.jpeg,unknown
train_05984.jpeg,unknown
train_05985.jpeg,unknown
train_05986.jpeg,unknown
train_05987.jpeg,unknown
train_05988.jpeg,unknown
train_05989.jpeg,unknown
train_05990.jpeg,unknown
train_05991.jpeg,unknown
train_05992.jpeg,unknown
train_05993.jpeg,unknown
train_05994.jpeg,unknown
train_05995.jpeg,unknown
train_05996.jpeg,unknown
train_05997.jpeg,unknown
train_05998.jpeg,unknown
train_05999.jpeg,unknown
train_06000.jpeg,unknown
train_06001.jpeg,unknown
train_06002.jpeg,unknown
train_06003.jpeg,unknown
train_06004.jpeg,unknown
train_06005.jpeg,unknown
train_06006.jpeg,unknown
train_06007.jpeg,unknown
train_06008.jpeg,unknown
train_06009.jpeg,unknown
train_06010.jpeg,unknown
train_06011.jpeg,unknown
train_06012.jpeg,unknown
train_06013.jpeg,unknown
train_06014.jpeg,unknown
train_06015.jpeg,unknown
train_06016.jpeg,unknown
train_06017.jpeg,unknown
train_06018.jpeg,unknown
train_06019.jpeg,unknown
train_06020.jpeg,unknown
train_06021.jpeg,unknown
train_06022.jpeg,unknown
train_06023.jpeg,unknown
train_06024.jpeg,unknown
train_06025.jpeg,unknown
train_06026.jpeg,unknown
train_06027.jpeg,unknown
train_06028.jpeg,unknown
train_06029.jpeg,unknown
train_06030.jpeg,unknown
train_06031.jpeg,unknown
train_06032.jpeg,unknown
train_06033.jpeg,unknown
train_06034.jpeg,unknown
train_06035.jpeg,unknown
train_06036.jpeg,unknown
train_06037.jpeg,unknown
train_06038.jpeg,unknown
train_06039.jpeg,unknown
train_06040.jpeg,unknown
train_06041.jpeg,unknown
train_06042.jpeg,unknown
train_06043.jpeg,unknown
train_06044.jpeg,unknown
train_06045.jpeg,unknown
train_06046.jpeg,unknown
train_06047.jpeg,unknown
train_06048.jpeg,unknown
train_06049.jpeg,unknown
train_06050.jpeg,unknown
train_06051.jpeg,unknown
train_06052.jpeg,unknown
train_06053.jpeg,unknown
train_06054.jpeg,unknown
train_06055.jpeg,unknown
train_06056.jpeg,unknown
train_06057.jpeg,unknown
train_06058.jpeg,unknown
train_06059.jpeg,unknown
train_06060.jpeg,unknown
train_06061.jpeg,unknown
train_06062.jpeg,unknown
train_06063.jpeg,unknown
train_06064.jpeg,unknown
train_06065.jpeg,unknown
train_06066.jpeg,unknown
train_06067.jpeg,unknown
train_06068.jpeg,unknown
train_06069.jpeg,unknown
train_06070.jpeg,unknown
train_06071.jpeg,unknown
train_06072.jpeg,unknown
train_06073.jpeg,unknown
train_06074.jpeg,unknown
train_06075.jpeg,unknown
train_06076.jpeg,unknown
train_06077.jpeg,unknown
train_06078.jpeg,unknown
train_06079.jpeg,unknown
train_06080.jpeg,unknown
train_06081.jpeg,unknown
train_06082.jpeg,unknown
train_06083.jpeg,unknown
train_06084.jpeg,unknown
train_06085.jpeg,unknown
train_06086.jpeg,unknown
train_06087.jpeg,unknown
train_06088.jpeg,unknown
train_06089.jpeg,unknown
train_06090.jpeg,unknown
train_06091.jpeg,unknown
train_06092.jpeg,unknown
train_06093.jpeg,unknown
train_06094.jpeg,unknown
train_06095.jpeg,unknown
train_06096.jpeg,unknown
train_06097.jpeg,unknown
train_06098.jpeg,unknown
train_06099.jpeg,unknown
train_06100.jpeg,unknown
train_06101.jpeg,unknown
train_06102.jpeg,unknown
train_06103.jpeg,unknown
train_06104.jpeg,unknown
train_06105.jpeg,unknown
train_06106.jpeg,unknown
train_06107.jpeg,unknown
train_06108.jpeg,unknown
train_06109.jpeg,unknown
train_06110.jpeg,unknown
train_06111.jpeg,unknown
train_06112.jpeg,unknown
train_06113.jpeg,unknown
train_06114.jpeg,unknown
train_06115.jpeg,unknown
train_06116.jpeg,unknown
train_06117.jpeg,unknown
train_06118.jpeg,unknown
train_06119.jpeg,unknown
train_06120.jpeg,unknown
train_06121.jpeg,unknown
train_06122.jpeg,unknown
train_06123.jpeg,unknown
train_06124.jpeg,unknown
train_06125.jpeg,unknown
train_06126.jpeg,unknown
train_06127.jpeg,unknown
train_06128.jpeg,unknown
train_06129.jpeg,unknown
train_06130.jpeg,unknown
train_06131.jpeg,unknown
train_06132.jpeg,unknown
train_06133.jpeg,unknown
train_06134.jpeg,unknown
train_06135.jpeg,unknown
train_06136.jpeg,unknown
train_06137.jpeg,unknown
train_06138.jpeg,unknown
train_06139.jpeg,unknown
train_06140.jpeg,unknown
train_06141.jpeg,unknown
train_06142.jpeg,unknown
train_06143.jpeg,unknown
train_06144.jpeg,unknown
train_06145.jpeg,unknown
train_06146.jpeg,unknown
train_06147.jpeg,unknown
train_06148.jpeg,unknown
train_06149.jpeg,unknown
train_06150.jpeg,unknown
train_06151.jpeg,unknown
train_06152.jpeg,unknown
train_06153.jpeg,unknown
train_06154.jpeg,unknown
train_06155.jpeg,unknown
train_06156.jpeg,unknown
train_06157.jpeg,unknown
train_06158.jpeg,unknown
train_06159.jpeg,unknown
train_06160.jpeg,unknown
train_06161.jpeg,unknown
train_06162.jpeg,unknown
train_06163.jpeg,unknown
train_06164.jpeg,unknown
train_06165.jpeg,unknown
train_06166.jpeg,unknown
train_06167.jpeg,unknown
train_06168.jpeg,unknown
train_06169.jpeg,unknown
train_06170.jpeg,unknown
train_06171.jpeg,unknown
train_06172.jpeg,unknown
train_06173.jpeg,unknown
train_06174.jpeg,unknown
train_06175.jpeg,unknown
train_06176.jpeg,unknown
train_06177.jpeg,unknown
train_06178.jpeg,unknown
train_06179.jpeg,unknown
train_06180.jpeg,unknown
train_06181.jpeg,unknown
train_06182.jpeg,unknown
train_06183.jpeg,unknown
train_06184.jpeg,unknown
train_06185.jpeg,unknown
train_06186.jpeg,unknown
train_06187.jpeg,unknown
train_06188.jpeg,unknown
train_06189.jpeg,unknown
train_06190.jpeg,unknown
train_06191.jpeg,unknown
train_06192.jpeg,unknown
train_06193.jpeg,unknown
train_06194.jpeg,unknown
train_06195.jpeg,unknown
train_06196.jpeg,unknown
train_06197.jpeg,unknown
train_06198.jpeg,unknown
train_06199.jpeg,unknown
train_06200.jpeg,unknown
train_06201.jpeg,unknown
train_06202.jpeg,unknown
train_06203.jpeg,unknown
train_06204.jpeg,unknown
train_06205.jpeg,unknown
train_06206.jpeg,unknown
train_06207.jpeg,unknown
train_06208.jpeg,unknown
train_06209.jpeg,unknown
train_06210.jpeg,unknown
train_06211.jpeg,unknown
train_06212.jpeg,unknown
train_06213.jpeg,unknown
train_06214.jpeg,unknown
train_06215.jpeg,unknown
train_06216.jpeg,unknown
train_06217.jpeg,unknown
train_06218.jpeg,unknown
train_06219.jpeg,unknown
train_06220.jpeg,unknown
train_06221.jpeg,unknown
train_06222.jpeg,unknown
train_06223.jpeg,unknown
train_06224.jpeg,unknown
train_06225.jpeg,unknown
train_06226.jpeg,unknown
train_06227.jpeg,unknown
train_06228.jpeg,unknown
train_06229.jpeg,unknown
train_06230.jpeg,unknown
train_06231.jpeg,unknown
train_06232.jpeg,unknown
train_06233.jpeg,unknown
train_06234.jpeg,unknown
train_06235.jpeg,unknown
train_06236.jpeg,unknown
train_06237.jpeg,unknown
train_06238.jpeg,unknown
train_06239.jpeg,unknown
train_06240.jpeg,unknown
train_06241.jpeg,unknown
train_06242.jpeg,unknown
train_06243.jpeg,unknown
train_06244.jpeg,unknown
train_06245.jpeg,unknown
train_06246.jpeg,unknown
train_06247.jpeg,unknown
train_06248.jpeg,unknown
train_06249.jpeg,unknown
train_06250.jpeg,unknown
train_06251.jpeg,unknown
train_06252.jpeg,unknown
train_06253.jpeg,unknown
train_06254.jpeg,unknown
train_06255.jpeg,unknown
train_06256.jpeg,unknown
train_06257.jpeg,unknown
train_06258.jpeg,unknown
train_06259.jpeg,unknown
train_06260.jpeg,unknown
train_06261.jpeg,unknown
train_06262.jpeg,unknown
train_06263.jpeg,unknown
train_06264.jpeg,unknown
train_06265.jpeg,unknown
train_06266.jpeg,unknown
train_06267.jpeg,unknown
train_06268.jpeg,unknown
train_06269.jpeg,unknown
train_06270.jpeg,unknown
train_06271.jpeg,unknown
train_06272.jpeg,unknown
train_06273.jpeg,unknown
train_06274.jpeg,unknown
train_06275.jpeg,unknown
train_06276.jpeg,unknown
train_06277.jpeg,unknown
train_06278.jpeg,unknown
train_06279.jpeg,unknown
train_06280.jpeg,unknown
train_06281.jpeg,unknown
train_06282.jpeg,unknown
train_06283.jpeg,unknown
train_06284.jpeg,unknown
train_06285.jpeg,unknown
train_06286.jpeg,unknown
train_06287.jpeg,unknown
train_06288.jpeg,unknown
train_06289.jpeg,unknown
train_06290.jpeg,unknown
train_06291.jpeg,unknown
train_06292.jpeg,unknown
train_06293.jpeg,unknown
train_06294.jpeg,unknown
train_06295.jpeg,unknown
train_06296.jpeg,unknown
train_06297.jpeg,unknown
train_06298.jpeg,unknown
train_06299.jpeg,unknown
train_06300.jpeg,unknown
train_06301.jpeg,unknown
train_06302.jpeg,unknown
train_06303.jpeg,unknown
train_06304.jpeg,unknown
train_06305.jpeg,unknown
train_06306.jpeg,unknown
train_06307.jpeg,unknown
train_06308.jpeg,unknown
train_06309.jpeg,unknown
train_06310.jpeg,unknown
train_06311.jpeg,unknown
train_06312.jpeg,unknown
train_06313.jpeg,unknown
train_06314.jpeg,unknown
train_06315.jpeg,unknown
train_06316.jpeg,unknown
train_06317.jpeg,unknown
train_06318.jpeg,unknown
train_06319.jpeg,unknown
train_06320.jpeg,unknown
train_06321.jpeg,unknown
train_06322.jpeg,unknown
train_06323.jpeg,unknown
train_06324.jpeg,unknown
train_06325.jpeg,unknown
train_06326.jpeg,unknown
train_06327.jpeg,unknown
train_06328.jpeg,unknown
train_06329.jpeg,unknown
train_06330.jpeg,unknown
train_06331.jpeg,unknown
train_06332.jpeg,unknown
train_06333.jpeg,unknown
train_06334.jpeg,unknown
train_06335.jpeg,unknown
train_06336.jpeg,unknown
train_06337.jpeg,unknown
train_06338.jpeg,unknown
train_06339.jpeg,unknown
train_06340.jpeg,unknown
train_06341.jpeg,unknown
train_06342.jpeg,unknown
train_06343.jpeg,unknown
train_06344.jpeg,unknown
train_06345.jpeg,unknown
train_06346.jpeg,unknown
train_06347.jpeg,unknown
train_06348.jpeg,unknown
train_06349.jpeg,unknown
train_06350.jpeg,unknown
train_06351.jpeg,unknown
train_06352.jpeg,unknown
train_06353.jpeg,unknown
train_06354.jpeg,unknown
train_06355.jpeg,unknown
train_06356.jpeg,unknown
train_06357.jpeg,unknown
train_06358.jpeg,unknown
train_06359.jpeg,unknown
train_06360.jpeg,unknown
train_06361.jpeg,unknown
train_06362.jpeg,unknown
train_06363.jpeg,unknown
train_06364.jpeg,unknown
train_06365.jpeg,unknown
train_06366.jpeg,unknown
train_06367.jpeg,unknown
train_06368.jpeg,unknown
train_06369.jpeg,unknown
train_06370.jpeg,unknown
train_06371.jpeg,unknown
train_06372.jpeg,unknown
train_06373.jpeg,unknown
train_06374.jpeg,unknown
train_06375.jpeg,unknown
train_06376.jpeg,unknown
train_06377.jpeg,unknown
train_06378.jpeg,unknown
train_06379.jpeg,unknown
train_06380.jpeg,unknown
train_06381.jpeg,unknown
train_06382.jpeg,unknown
train_06383.jpeg,unknown
train_06384.jpeg,unknown
train_06385.jpeg,unknown
train_06386.jpeg,unknown
train_06387.jpeg,unknown
train_06388.jpeg,unknown
train_06389.jpeg,unknown
train_06390.jpeg,unknown
train_06391.jpeg,unknown
train_06392.jpeg,unknown
train_06393.jpeg,unknown
train_06394.jpeg,unknown
train_06395.jpeg,unknown
train_06396.jpeg,unknown
train_06397.jpeg,unknown
train_06398.jpeg,unknown
train_06399.jpeg,unknown
train_06400.jpeg,unknown
train_06401.jpeg,unknown
train_06402.jpeg,unknown
train_06403.jpeg,unknown
train_06404.jpeg,unknown
train_06405.jpeg,unknown
train_06406.jpeg,unknown
train_06407.jpeg,unknown
train_06408.jpeg,unknown
train_06409.jpeg,unknown
train_06410.jpeg,unknown
train_06411.jpeg,unknown
train_06412.jpeg,unknown
train_06413.jpeg,unknown
train_06414.jpeg,unknown
train_06415.jpeg,unknown
train_06416.jpeg,unknown
train_06417.jpeg,unknown
train_06418.jpeg,unknown
train_06419.jpeg,unknown
train_06420.jpeg,unknown
train_06421.jpeg,unknown
train_06422.jpeg,unknown
train_06423.jpeg,unknown
train_06424.jpeg,unknown
train_06425.jpeg,unknown
train_06426.jpeg,unknown
train_06427.jpeg,unknown
train_06428.jpeg,unknown
train_06429.jpeg,unknown
train_06430.jpeg,unknown
train_06431.jpeg,unknown
train_06432.jpeg,unknown
train_06433.jpeg,unknown
train_06434.jpeg,unknown
train_06435.jpeg,unknown
train_06436.jpeg,unknown
train_06437.jpeg,unknown
train_06438.jpeg,unknown
train_06439.jpeg,unknown
train_06440.jpeg,unknown
train_06441.jpeg,unknown
train_06442.jpeg,unknown
train_06443.jpeg,unknown
train_06444.jpeg,unknown
train_06445.jpeg,unknown
train_06446.jpeg,unknown
train_06447.jpeg,unknown
train_06448.jpeg,unknown
train_06449.jpeg,unknown
train_06450.jpeg,unknown
train_06451.jpeg,unknown
train_06452.jpeg,unknown
train_06453.jpeg,unknown
train_06454.jpeg,unknown
train_06455.jpeg,unknown
train_06456.jpeg,unknown
train_06457.jpeg,unknown
train_06458.jpeg,unknown
train_06459.jpeg,unknown
train_06460.jpeg,unknown
train_06461.jpeg,unknown
train_06462.jpeg,unknown
train_06463.jpeg,unknown
train_06464.jpeg,unknown
train_06465.jpeg,unknown
train_06466.jpeg,unknown
train_06467.jpeg,unknown
train_06468.jpeg,unknown
train_06469.jpeg,unknown
train_06470.jpeg,unknown
train_06471.jpeg,unknown
train_06472.jpeg,unknown
train_06473.jpeg,unknown
train_06474.jpeg,unknown
train_06475.jpeg,unknown
train_06476.jpeg,unknown
train_06477.jpeg,unknown
train_06478.jpeg,unknown
train_06479.jpeg,unknown
train_06480.jpeg,unknown
train_06481.jpeg,unknown
train_06482.jpeg,unknown
train_06483.jpeg,unknown
train_06484.jpeg,unknown
train_06485.jpeg,unknown
train_06486.jpeg,unknown
train_06487.jpeg,unknown
train_06488.jpeg,unknown
train_06489.jpeg,unknown
train_06490.jpeg,unknown
train_06491.jpeg,unknown
train_06492.jpeg,unknown
train_06493.jpeg,unknown
train_06494.jpeg,unknown
train_06495.jpeg,unknown
train_06496.jpeg,unknown
train_06497.jpeg,unknown
train_06498.jpeg,unknown
train_06499.jpeg,unknown
train_06500.jpeg,unknown
train_06501.jpeg,unknown
train_06502.jpeg,unknown
train_06503.jpeg,unknown
train_06504.jpeg,unknown
train_06505.jpeg,unknown
train_06506.jpeg,unknown
train_06507.jpeg,unknown
train_06508.jpeg,unknown
train_06509.jpeg,unknown
train_06510.jpeg,unknown
train_06511.jpeg,unknown
train_06512.jpeg,unknown
train_06513.jpeg,unknown
train_06514.jpeg,unknown
train_06515.jpeg,unknown
train_06516.jpeg,unknown
train_06517.jpeg,unknown
train_06518.jpeg,unknown
train_06519.jpeg,unknown
train_06520.jpeg,unknown
train_06521.jpeg,unknown
train_06522.jpeg,unknown
train_06523.jpeg,unknown
train_06524.jpeg,unknown
train_06525.jpeg,unknown
train_06526.jpeg,unknown
train_06527.jpeg,unknown
train_06528.jpeg,unknown
train_06529.jpeg,unknown
train_06530.jpeg,unknown
train_06531.jpeg,unknown
train_06532.jpeg,unknown
train_06533.jpeg,unknown
train_06534.jpeg,unknown
train_06535.jpeg,unknown
train_06536.jpeg,unknown
train_06537.jpeg,unknown
train_06538.jpeg,unknown
train_06539.jpeg,unknown
train_06540.jpeg,unknown
train_06541.jpeg,unknown
train_06542.jpeg,unknown
train_06543.jpeg,unknown
train_06544.jpeg,unknown
train_06545.jpeg,unknown
train_06546.jpeg,unknown
train_06547.jpeg,unknown
train_06548.jpeg,unknown
train_06549.jpeg,unknown
train_06550.jpeg,unknown
train_06551.jpeg,unknown
train_06552.jpeg,unknown
train_06553.jpeg,unknown
train_06554.jpeg,unknown
train_06555.jpeg,unknown
train_06556.jpeg,unknown
train_06557.jpeg,unknown
train_06558.jpeg,unknown
train_06559.jpeg,unknown
train_06560.jpeg,unknown
train_06561.jpeg,unknown
train_06562.jpeg,unknown
train_06563.jpeg,unknown
train_06564.jpeg,unknown
train_06565.jpeg,unknown
train_06566.jpeg,unknown
train_06567.jpeg,unknown
train_06568.jpeg,unknown
train_06569.jpeg,unknown
train_06570.jpeg,unknown
train_06571.jpeg,unknown
train_06572.jpeg,unknown
train_06573.jpeg,unknown
train_06574.jpeg,unknown
train_06575.jpeg,unknown
train_06576.jpeg,unknown
train_06577.jpeg,unknown
train_06578.jpeg,unknown
train_06579.jpeg,unknown
train_06580.jpeg,unknown
train_06581.jpeg,unknown
train_06582.jpeg,unknown
train_06583.jpeg,unknown
train_06584.jpeg,unknown
train_06585.jpeg,unknown
train_06586.jpeg,unknown
train_06587.jpeg,unknown
train_06588.jpeg,unknown
train_06589.jpeg,unknown
train_06590.jpeg,unknown
train_06591.jpeg,unknown
train_06592.jpeg,unknown
train_06593.jpeg,unknown
train_06594.jpeg,unknown
train_06595.jpeg,unknown
train_06596.jpeg,unknown
train_06597.jpeg,unknown
train_06598.jpeg,unknown
train_06599.jpeg,unknown
train_06600.jpeg,unknown
train_06601.jpeg,unknown
train_06602.jpeg,unknown
train_06603.jpeg,unknown
train_06604.jpeg,unknown
train_06605.jpeg,unknown
train_06606.jpeg,unknown
train_06607.jpeg,unknown
train_06608.jpeg,unknown
train_06609.jpeg,unknown
train_06610.jpeg,unknown
train_06611.jpeg,unknown
train_06612.jpeg,unknown
train_06613.jpeg,unknown
train_06614.jpeg,unknown
train_06615.jpeg,unknown
train_06616.jpeg,unknown
train_06617.jpeg,unknown
train_06618.jpeg,unknown
train_06619.jpeg,unknown
train_06620.jpeg,unknown
train_06621.jpeg,unknown
train_06622.jpeg,unknown
train_06623.jpeg,unknown
train_06624.jpeg,unknown
train_06625.jpeg,unknown
train_06626.jpeg,unknown
train_06627.jpeg,unknown
train_06628.jpeg,unknown
train_06629.jpeg,unknown
train_06630.jpeg,unknown
train_06631.jpeg,unknown
train_06632.jpeg,unknown
train_06633.jpeg,unknown
train_06634.jpeg,unknown
train_06635.jpeg,unknown
train_06636.jpeg,unknown
train_06637.jpeg,unknown
train_06638.jpeg,unknown
train_06639.jpeg,unknown
train_06640.jpeg,unknown
train_06641.jpeg,unknown
train_06642.jpeg,unknown
train_06643.jpeg,unknown
train_06644.jpeg,unknown
train_06645.jpeg,unknown
train_06646.jpeg,unknown
train_06647.jpeg,unknown
train_06648.jpeg,unknown
train_06649.jpeg,unknown
train_06650.jpeg,unknown
train_06651.jpeg,unknown
train_06652.jpeg,unknown
train_06653.jpeg,unknown
train_06654.jpeg,unknown
train_06655.jpeg,unknown
train_06656.jpeg,unknown
train_06657.jpeg,unknown
train_06658.jpeg,unknown
train_06659.jpeg,unknown
train_06660.jpeg,unknown
train_06661.jpeg,unknown
train_06662.jpeg,unknown
train_06663.jpeg,unknown
train_06664.jpeg,unknown
train_06665.jpeg,unknown
train_06666.jpeg,unknown
train_06667.jpeg,unknown
train_06668.jpeg,unknown
train_06669.jpeg,unknown
train_06670.jpeg,unknown
train_06671.jpeg,unknown
train_06672.jpeg,unknown
train_06673.jpeg,unknown
train_06674.jpeg,unknown
train_06675.jpeg,unknown
train_06676.jpeg,unknown
train_06677.jpeg,unknown
train_06678.jpeg,unknown
train_06679.jpeg,unknown
train_06680.jpeg,unknown
train_06681.jpeg,unknown
train_06682.jpeg,unknown
train_06683.jpeg,unknown
train_06684.jpeg,unknown
train_06685.jpeg,unknown
train_06686.jpeg,unknown
train_06687.jpeg,unknown
train_06688.jpeg,unknown
train_06689.jpeg,unknown
train_06690.jpeg,unknown
train_06691.jpeg,unknown
train_06692.jpeg,unknown
train_06693.jpeg,unknown
train_06694.jpeg,unknown
train_06695.jpeg,unknown
train_06696.jpeg,unknown
train_06697.jpeg,unknown
train_06698.jpeg,unknown
train_06699.jpeg,unknown
train_06700.jpeg,unknown
train_06701.jpeg,unknown
train_06702.jpeg,unknown
train_06703.jpeg,unknown
train_06704.jpeg,unknown
train_06705.jpeg,unknown
train_06706.jpeg,unknown
train_06707.jpeg,unknown
train_06708.jpeg,unknown
train_06709.jpeg,unknown
train_06710.jpeg,unknown
train_06711.jpeg,unknown
train_06712.jpeg,unknown
train_06713.jpeg,unknown
train_06714.jpeg,unknown
train_06715.jpeg,unknown
train_06716.jpeg,unknown
train_06717.jpeg,unknown
train_06718.jpeg,unknown
train_06719.jpeg,unknown
train_06720.jpeg,unknown
train_06721.jpeg,unknown
train_06722.jpeg,unknown
train_06723.jpeg,unknown
train_06724.jpeg,unknown
train_06725.jpeg,unknown
train_06726.jpeg,unknown
train_06727.jpeg,unknown
train_06728.jpeg,unknown
train_06729.jpeg,unknown
train_06730.jpeg,unknown
train_06731.jpeg,unknown
train_06732.jpeg,unknown
train_06733.jpeg,unknown
train_06734.jpeg,unknown
train_06735.jpeg,unknown
train_06736.jpeg,unknown
train_06737.jpeg,unknown
train_06738.jpeg,unknown
train_06739.jpeg,unknown
train_06740.jpeg,unknown
train_06741.jpeg,unknown
train_06742.jpeg,unknown
train_06743.jpeg,unknown
train_06744.jpeg,unknown
train_06745.jpeg,unknown
train_06746.jpeg,unknown
train_06747.jpeg,unknown
train_06748.jpeg,unknown
train_06749.jpeg,unknown
train_06750.jpeg,unknown
train_06751.jpeg,unknown
train_06752.jpeg,unknown
train_06753.jpeg,unknown
train_06754.jpeg,unknown
train_06755.jpeg,unknown
train_06756.jpeg,unknown
train_06757.jpeg,unknown
train_06758.jpeg,unknown
train_06759.jpeg,unknown
train_06760.jpeg,unknown
train_06761.jpeg,unknown
train_06762.jpeg,unknown
train_06763.jpeg,unknown
train_06764.jpeg,unknown
train_06765.jpeg,unknown
train_06766.jpeg,unknown
train_06767.jpeg,unknown
train_06768.jpeg,unknown
train_06769.jpeg,unknown
train_06770.jpeg,unknown
train_06771.jpeg,unknown
train_06772.jpeg,unknown
train_06773.jpeg,unknown
train_06774.jpeg,unknown
train_06775.jpeg,unknown
train_06776.jpeg,unknown
train_06777.jpeg,unknown
train_06778.jpeg,unknown
train_06779.jpeg,unknown
train_06780.jpeg,unknown
train_06781.jpeg,unknown
train_06782.jpeg,unknown
train_06783.jpeg,unknown
train_06784.jpeg,unknown
train_06785.jpeg,unknown
train_06786.jpeg,unknown
train_06787.jpeg,unknown
train_06788.jpeg,unknown
train_06789.jpeg,unknown
train_06790.jpeg,unknown
train_06791.jpeg,unknown
train_06792.jpeg,unknown
train_06793.jpeg,unknown
train_06794.jpeg,unknown
train_06795.jpeg,unknown
train_06796.jpeg,unknown
train_06797.jpeg,unknown
train_06798.jpeg,unknown
train_06799.jpeg,unknown
train_06800.jpeg,unknown
train_06801.jpeg,unknown
train_06802.jpeg,unknown
train_06803.jpeg,unknown
train_06804.jpeg,unknown
train_06805.jpeg,unknown
train_06806.jpeg,unknown
train_06807.jpeg,unknown
train_06808.jpeg,unknown
train_06809.jpeg,unknown
train_06810.jpeg,unknown
train_06811.jpeg,unknown
train_06812.jpeg,unknown
train_06813.jpeg,unknown
train_06814.jpeg,unknown
train_06815.jpeg,unknown
train_06816.jpeg,unknown
train_06817.jpeg,unknown
train_06818.jpeg,unknown
train_06819.jpeg,unknown
train_06820.jpeg,unknown
train_06821.jpeg,unknown
train_06822.jpeg,unknown
train_06823.jpeg,unknown
train_06824.jpeg,unknown
train_06825.jpeg,unknown
train_06826.jpeg,unknown
train_06827.jpeg,unknown
train_06828.jpeg,unknown
train_06829.jpeg,unknown
train_06830.jpeg,unknown
train_06831.jpeg,unknown
train_06832.jpeg,unknown
train_06833.jpeg,unknown
train_06834.jpeg,unknown
train_06835.jpeg,unknown
train_06836.jpeg,unknown
train_06837.jpeg,unknown
train_06838.jpeg,unknown
train_06839.jpeg,unknown
train_06840.jpeg,unknown
train_06841.jpeg,unknown
train_06842.jpeg,unknown
train_06843.jpeg,unknown
train_06844.jpeg,unknown
train_06845.jpeg,unknown
train_06846.jpeg,unknown
train_06847.jpeg,unknown
train_06848.jpeg,unknown
train_06849.jpeg,unknown
train_06850.jpeg,unknown
train_06851.jpeg,unknown
train_06852.jpeg,unknown
train_06853.jpeg,unknown
train_06854.jpeg,unknown
train_06855.jpeg,unknown
train_06856.jpeg,unknown
train_06857.jpeg,unknown
train_06858.jpeg,unknown
train_06859.jpeg,unknown
train_06860.jpeg,unknown
train_06861.jpeg,unknown
train_06862.jpeg,unknown
train_06863.jpeg,unknown
train_06864.jpeg,unknown
train_06865.jpeg,unknown
train_06866.jpeg,unknown
train_06867.jpeg,unknown
train_06868.jpeg,unknown
train_06869.jpeg,unknown
train_06870.jpeg,unknown
train_06871.jpeg,unknown
train_06872.jpeg,unknown
train_06873.jpeg,unknown
train_06874.jpeg,unknown
train_06875.jpeg,unknown
train_06876.jpeg,unknown
train_06877.jpeg,unknown
train_06878.jpeg,unknown
train_06879.jpeg,unknown
train_06880.jpeg,unknown
train_06881.jpeg,unknown
train_06882.jpeg,unknown
train_06883.jpeg,unknown
train_06884.jpeg,unknown
train_06885.jpeg,unknown
train_06886.jpeg,unknown
train_06887.jpeg,unknown
train_06888.jpeg,unknown
train_06889.jpeg,unknown
train_06890.jpeg,unknown
train_06891.jpeg,unknown
train_06892.jpeg,unknown
train_06893.jpeg,unknown
train_06894.jpeg,unknown
train_06895.jpeg,unknown
train_06896.jpeg,unknown
train_06897.jpeg,unknown
train_06898.jpeg,unknown
train_06899.jpeg,unknown
train_06900.jpeg,unknown
train_06901.jpeg,unknown
train_06902.jpeg,unknown
train_06903.jpeg,unknown
train_06904.jpeg,unknown
train_06905.jpeg,unknown
train_06906.jpeg,unknown
train_06907.jpeg,unknown
train_06908.jpeg,unknown
train_06909.jpeg,unknown
train_06910.jpeg,unknown
train_06911.jpeg,unknown
train_06912.jpeg,unknown
train_06913.jpeg,unknown
train_06914.jpeg,unknown
train_06915.jpeg,unknown
train_06916.jpeg,unknown
train_06917.jpeg,unknown
train_06918.jpeg,unknown
train_06919.jpeg,unknown
train_06920.jpeg,unknown
train_06921.jpeg,unknown
train_06922.jpeg,unknown
train_06923.jpeg,unknown
train_06924.jpeg,unknown
train_06925.jpeg,unknown
train_06926.jpeg,unknown
train_06927.jpeg,unknown
train_06928.jpeg,unknown
train_06929.jpeg,unknown
train_06930.jpeg,unknown
train_06931.jpeg,unknown
train_06932.jpeg,unknown
train_06933.jpeg,unknown
train_06934.jpeg,unknown
train_06935.jpeg,unknown
train_06936.jpeg,unknown
train_06937.jpeg,unknown
train_06938.jpeg,unknown
train_06939.jpeg,unknown
train_06940.jpeg,unknown
train_06941.jpeg,unknown
train_06942.jpeg,unknown
train_06943.jpeg,unknown
train_06944.jpeg,unknown
train_06945.jpeg,unknown
train_06946.jpeg,unknown
train_06947.jpeg,unknown
train_06948.jpeg,unknown
train_06949.jpeg,unknown
train_06950.jpeg,unknown
train_06951.jpeg,unknown
train_06952.jpeg,unknown
train_06953.jpeg,unknown
train_06954.jpeg,unknown
train_06955.jpeg,unknown
train_06956.jpeg,unknown
train_06957.jpeg,unknown
train_06958.jpeg,unknown
train_06959.jpeg,unknown
train_06960.jpeg,unknown
train_06961.jpeg,unknown
train_06962.jpeg,unknown
train_06963.jpeg,unknown
train_06964.jpeg,unknown
train_06965.jpeg,unknown
train_06966.jpeg,unknown
train_06967.jpeg,unknown
train_06968.jpeg,unknown
train_06969.jpeg,unknown
train_06970.jpeg,unknown
train_06971.jpeg,unknown
train_06972.jpeg,unknown
train_06973.jpeg,unknown
train_06974.jpeg,unknown
train_06975.jpeg,unknown
train_06976.jpeg,unknown
train_06977.jpeg,unknown
train_06978.jpeg,unknown
train_06979.jpeg,unknown
train_06980.jpeg,unknown
train_06981.jpeg,unknown
train_06982.jpeg,unknown
train_06983.jpeg,unknown
train_06984.jpeg,unknown
train_06985.jpeg,unknown
train_06986.jpeg,unknown
train_06987.jpeg,unknown
train_06988.jpeg,unknown
train_06989.jpeg,unknown
train_06990.jpeg,unknown
train_06991.jpeg,unknown
train_06992.jpeg,unknown
train_06993.jpeg,unknown
train_06994.jpeg,unknown
train_06995.jpeg,unknown
train_06996.jpeg,unknown
train_06997.jpeg,unknown
train_06998.jpeg,unknown
train_06999.jpeg,unknown
train_07000.jpeg,unknown
train_07001.jpeg,unknown
train_07002.jpeg,unknown
train_07003.jpeg,unknown
train_07004.jpeg,unknown
train_07005.jpeg,unknown
train_07006.jpeg,unknown
train_07007.jpeg,unknown
train_07008.jpeg,unknown
train_07009.jpeg,unknown
train_07010.jpeg,unknown
train_07011.jpeg,unknown
train_07012.jpeg,unknown
train_07013.jpeg,unknown
train_07014.jpeg,unknown
train_07015.jpeg,unknown
train_07016.jpeg,unknown
train_07017.jpeg,unknown
train_07018.jpeg,unknown
train_07019.jpeg,unknown
train_07020.jpeg,unknown
train_07021.jpeg,unknown
train_07022.jpeg,unknown
train_07023.jpeg,unknown
train_07024.jpeg,unknown
train_07025.jpeg,unknown
train_07026.jpeg,unknown
train_07027.jpeg,unknown
train_07028.jpeg,unknown
train_07029.jpeg,unknown
train_07030.jpeg,unknown
train_07031.jpeg,unknown
train_07032.jpeg,unknown
train_07033.jpeg,unknown
train_07034.jpeg,unknown
train_07035.jpeg,unknown
train_07036.jpeg,unknown
train_07037.jpeg,unknown
train_07038.jpeg,unknown
train_07039.jpeg,unknown
train_07040.jpeg,unknown
train_07041.jpeg,unknown
train_07042.jpeg,unknown
train_07043.jpeg,unknown
train_07044.jpeg,unknown
train_07045.jpeg,unknown
train_07046.jpeg,unknown
train_07047.jpeg,unknown
train_07048.jpeg,unknown
train_07049.jpeg,unknown
train_07050.jpeg,unknown
train_07051.jpeg,unknown
train_07052.jpeg,unknown
train_07053.jpeg,unknown
train_07054.jpeg,unknown
train_07055.jpeg,unknown
train_07056.jpeg,unknown
train_07057.jpeg,unknown
train_07058.jpeg,unknown
train_07059.jpeg,unknown
train_07060.jpeg,unknown
train_07061.jpeg,unknown
train_07062.jpeg,unknown
train_07063.jpeg,unknown
train_07064.jpeg,unknown
train_07065.jpeg,unknown
train_07066.jpeg,unknown
train_07067.jpeg,unknown
train_07068.jpeg,unknown
train_07069.jpeg,unknown
train_07070.jpeg,unknown
train_07071.jpeg,unknown
train_07072.jpeg,unknown
train_07073.jpeg,unknown
train_07074.jpeg,unknown
train_07075.jpeg,unknown
train_07076.jpeg,unknown
train_07077.jpeg,unknown
train_07078.jpeg,unknown
train_07079.jpeg,unknown
train_07080.jpeg,unknown
train_07081.jpeg,unknown
train_07082.jpeg,unknown
train_07083.jpeg,unknown
train_07084.jpeg,unknown
train_07085.jpeg,unknown
train_07086.jpeg,unknown
train_07087.jpeg,unknown
train_07088.jpeg,unknown
train_07089.jpeg,unknown
train_07090.jpeg,unknown
train_07091.jpeg,unknown
train_07092.jpeg,unknown
train_07093.jpeg,unknown
train_07094.jpeg,unknown
train_07095.jpeg,unknown
train_07096.jpeg,unknown
train_07097.jpeg,unknown
train_07098.jpeg,unknown
train_07099.jpeg,unknown
train_07100.jpeg,unknown
train_07101.jpeg,unknown
train_07102.jpeg,unknown
train_07103.jpeg,unknown
train_07104.jpeg,unknown
train_07105.jpeg,unknown
train_07106.jpeg,unknown
train_07107.jpeg,unknown
train_07108.jpeg,unknown
train_07109.jpeg,unknown
train_07110.jpeg,unknown
train_07111.jpeg,unknown
train_07112.jpeg,unknown
train_07113.jpeg,unknown
train_07114.jpeg,unknown
train_07115.jpeg,unknown
train_07116.jpeg,unknown
train_07117.jpeg,unknown
train_07118.jpeg,unknown
train_07119.jpeg,unknown
train_07120.jpeg,unknown
train_07121.jpeg,unknown
train_07122.jpeg,unknown
train_07123.jpeg,unknown
train_07124.jpeg,unknown
train_07125.jpeg,unknown
train_07126.jpeg,unknown
train_07127.jpeg,unknown
train_07128.jpeg,unknown
train_07129.jpeg,unknown
train_07130.jpeg,unknown
train_07131.jpeg,unknown
train_07132.jpeg,unknown
train_07133.jpeg,unknown
train_07134.jpeg,unknown
train_07135.jpeg,unknown
train_07136.jpeg,unknown
train_07137.jpeg,unknown
train_07138.jpeg,unknown
train_07139.jpeg,unknown
train_07140.jpeg,unknown
train_07141.jpeg,unknown
train_07142.jpeg,unknown
train_07143.jpeg,unknown
train_07144.jpeg,unknown
train_07145.jpeg,unknown
train_07146.jpeg,unknown
train_07147.jpeg,unknown
train_07148.jpeg,unknown
train_07149.jpeg,unknown
train_07150.jpeg,unknown
train_07151.jpeg,unknown
train_07152.jpeg,unknown
train_07153.jpeg,unknown
train_07154.jpeg,unknown
train_07155.jpeg,unknown
train_07156.jpeg,unknown
train_07157.jpeg,unknown
train_07158.jpeg,unknown
train_07159.jpeg,unknown
train_07160.jpeg,unknown
train_07161.jpeg,unknown
train_07162.jpeg,unknown
train_07163.jpeg,unknown
train_07164.jpeg,unknown
train_07165.jpeg,unknown
train_07166.jpeg,unknown
train_07167.jpeg,unknown
train_07168.jpeg,unknown
train_07169.jpeg,unknown
train_07170.jpeg,unknown
train_07171.jpeg,unknown
train_07172.jpeg,unknown
train_07173.jpeg,unknown
train_07174.jpeg,unknown
train_07175.jpeg,unknown
train_07176.jpeg,unknown
train_07177.jpeg,unknown
train_07178.jpeg,unknown
train_07179.jpeg,unknown
train_07180.jpeg,unknown
train_07181.jpeg,unknown
train_07182.jpeg,unknown
train_07183.jpeg,unknown
train_07184.jpeg,unknown
train_07185.jpeg,unknown
train_07186.jpeg,unknown
train_07187.jpeg,unknown
train_07188.jpeg,unknown
train_07189.jpeg,unknown
train_07190.jpeg,unknown
train_07191.jpeg,unknown
train_07192.jpeg,unknown
train_07193.jpeg,unknown
train_07194.jpeg,unknown
train_07195.jpeg,unknown
train_07196.jpeg,unknown
train_07197.jpeg,unknown
train_07198.jpeg,unknown
train_07199.jpeg,unknown
train_07200.jpeg,unknown
train_07201.jpeg,unknown
train_07202.jpeg,unknown
train_07203.jpeg,unknown
train_07204.jpeg,unknown
train_07205.jpeg,unknown
train_07206.jpeg,unknown
train_07207.jpeg,unknown
train_07208.jpeg,unknown
train_07209.jpeg,unknown
train_07210.jpeg,unknown
train_07211.jpeg,unknown
train_07212.jpeg,unknown
train_07213.jpeg,unknown
train_07214.jpeg,unknown
train_07215.jpeg,unknown
train_07216.jpeg,unknown
train_07217.jpeg,unknown
train_07218.jpeg,unknown
train_07219.jpeg,unknown
train_07220.jpeg,unknown
train_07221.jpeg,unknown
train_07222.jpeg,unknown
train_07223.jpeg,unknown
train_07224.jpeg,unknown
train_07225.jpeg,unknown
train_07226.jpeg,unknown
train_07227.jpeg,unknown
train_07228.jpeg,unknown
train_07229.jpeg,unknown
train_07230.jpeg,unknown
train_07231.jpeg,unknown
train_07232.jpeg,unknown
train_07233.jpeg,unknown
train_07234.jpeg,unknown
train_07235.jpeg,unknown
train_07236.jpeg,unknown
train_07237.jpeg,unknown
train_07238.jpeg,unknown
train_07239.jpeg,unknown
train_07240.jpeg,unknown
train_07241.jpeg,unknown
train_07242.jpeg,unknown
train_07243.jpeg,unknown
train_07244.jpeg,unknown
train_07245.jpeg,unknown
train_07246.jpeg,unknown
train_07247.jpeg,unknown
train_07248.jpeg,unknown
train_07249.jpeg,unknown
train_07250.jpeg,unknown
train_07251.jpeg,unknown
train_07252.jpeg,unknown
train_07253.jpeg,unknown
train_07254.jpeg,unknown
train_07255.jpeg,unknown
train_07256.jpeg,unknown
train_07257.jpeg,unknown
train_07258.jpeg,unknown
train_07259.jpeg,unknown
train_07260.jpeg,unknown
train_07261.jpeg,unknown
train_07262.jpeg,unknown
train_07263.jpeg,unknown
train_07264.jpeg,unknown
train_07265.jpeg,unknown
train_07266.jpeg,unknown
train_07267.jpeg,unknown
train_07268.jpeg,unknown
train_07269.jpeg,unknown
train_07270.jpeg,unknown
train_07271.jpeg,unknown
train_07272.jpeg,unknown
train_07273.jpeg,unknown
train_07274.jpeg,unknown
train_07275.jpeg,unknown
train_07276.jpeg,unknown
train_07277.jpeg,unknown
train_07278.jpeg,unknown
train_07279.jpeg,unknown
train_07280.jpeg,unknown
train_07281.jpeg,unknown
train_07282.jpeg,unknown
train_07283.jpeg,unknown
train_07284.jpeg,unknown
train_07285.jpeg,unknown
train_07286.jpeg,unknown
train_07287.jpeg,unknown
train_07288.jpeg,unknown
train_07289.jpeg,unknown
train_07290.jpeg,unknown
train_07291.jpeg,unknown
train_07292.jpeg,unknown
train_07293.jpeg,unknown
train_07294.jpeg,unknown
train_07295.jpeg,unknown
train_07296.jpeg,unknown
train_07297.jpeg,unknown
train_07298.jpeg,unknown
train_07299.jpeg,unknown
train_07300.jpeg,unknown
train_07301.jpeg,unknown
train_07302.jpeg,unknown
train_07303.jpeg,unknown
train_07304.jpeg,unknown
train_07305.jpeg,unknown
train_07306.jpeg,unknown
train_07307.jpeg,unknown
train_07308.jpeg,unknown
train_07309.jpeg,unknown
train_07310.jpeg,unknown
train_07311.jpeg,unknown
train_07312.jpeg,unknown
train_07313.jpeg,unknown
train_07314.jpeg,unknown
train_07315.jpeg,unknown
train_07316.jpeg,unknown
train_07317.jpeg,unknown
train_07318.jpeg,unknown
train_07319.jpeg,unknown
train_07320.jpeg,unknown
train_07321.jpeg,unknown
train_07322.jpeg,unknown
train_07323.jpeg,unknown
train_07324.jpeg,unknown
train_07325.jpeg,unknown
train_07326.jpeg,unknown
train_07327.jpeg,unknown
train_07328.jpeg,unknown
train_07329.jpeg,unknown
train_07330.jpeg,unknown
train_07331.jpeg,unknown
train_07332.jpeg,unknown
train_07333.jpeg,unknown
train_07334.jpeg,unknown
train_07335.jpeg,unknown
train_07336.jpeg,unknown
train_07337.jpeg,unknown
train_07338.jpeg,unknown
train_07339.jpeg,unknown
train_07340.jpeg,unknown
train_07341.jpeg,unknown
train_07342.jpeg,unknown
train_07343.jpeg,unknown
train_07344.jpeg,unknown
train_07345.jpeg,unknown
train_07346.jpeg,unknown
train_07347.jpeg,unknown
train_07348.jpeg,unknown
train_07349.jpeg,unknown
train_07350.jpeg,unknown
train_07351.jpeg,unknown
train_07352.jpeg,unknown
train_07353.jpeg,unknown
train_07354.jpeg,unknown
train_07355.jpeg,unknown
train_07356.jpeg,unknown
train_07357.jpeg,unknown
train_07358.jpeg,unknown
train_07359.jpeg,unknown
train_07360.jpeg,unknown
train_07361.jpeg,unknown
train_07362.jpeg,unknown
train_07363.jpeg,unknown
train_07364.jpeg,unknown
train_07365.jpeg,unknown
train_07366.jpeg,unknown
train_07367.jpeg,unknown
train_07368.jpeg,unknown
train_07369.jpeg,unknown
train_07370.jpeg,unknown
train_07371.jpeg,unknown
train_07372.jpeg,unknown
train_07373.jpeg,unknown
train_07374.jpeg,unknown
train_07375.jpeg,unknown
train_07376.jpeg,unknown
train_07377.jpeg,unknown
train_07378.jpeg,unknown
train_07379.jpeg,unknown
train_07380.jpeg,unknown
train_07381.jpeg,unknown
train_07382.jpeg,unknown
train_07383.jpeg,unknown
train_07384.jpeg,unknown
train_07385.jpeg,unknown
train_07386.jpeg,unknown
train_07387.jpeg,unknown
train_07388.jpeg,unknown
train_07389.jpeg,unknown
train_07390.jpeg,unknown
train_07391.jpeg,unknown
train_07392.jpeg,unknown
train_07393.jpeg,unknown
train_07394.jpeg,unknown
train_07395.jpeg,unknown
train_07396.jpeg,unknown
train_07397.jpeg,unknown
train_07398.jpeg,unknown
train_07399.jpeg,unknown
train_07400.jpeg,unknown
train_07401.jpeg,unknown
train_07402.jpeg,unknown
train_07403.jpeg,unknown
train_07404.jpeg,unknown
train_07405.jpeg,unknown
train_07406.jpeg,unknown
train_07407.jpeg,unknown
train_07408.jpeg,unknown
train_07409.jpeg,unknown
train_07410.jpeg,unknown
train_07411.jpeg,unknown
train_07412.jpeg,unknown
train_07413.jpeg,unknown
train_07414.jpeg,unknown
train_07415.jpeg,unknown
train_07416.jpeg,unknown
train_07417.jpeg,unknown
train_07418.jpeg,unknown
train_07419.jpeg,unknown
train_07420.jpeg,unknown
train_07421.jpeg,unknown
train_07422.jpeg,unknown
train_07423.jpeg,unknown
train_07424.jpeg,unknown
train_07425.jpeg,unknown
train_07426.jpeg,unknown
train_07427.jpeg,unknown
train_07428.jpeg,unknown
train_07429.jpeg,unknown
train_07430.jpeg,unknown
train_07431.jpeg,unknown
train_07432.jpeg,unknown
train_07433.jpeg,unknown
train_07434.jpeg,unknown
train_07435.jpeg,unknown
train_07436.jpeg,unknown
train_07437.jpeg,unknown
train_07438.jpeg,unknown
train_07439.jpeg,unknown
train_07440.jpeg,unknown
train_07441.jpeg,unknown
train_07442.jpeg,unknown
train_07443.jpeg,unknown
train_07444.jpeg,unknown
train_07445.jpeg,unknown
train_07446.jpeg,unknown
train_07447.jpeg,unknown
train_07448.jpeg,unknown
train_07449.jpeg,unknown
train_07450.jpeg,unknown
train_07451.jpeg,unknown
train_07452.jpeg,unknown
train_07453.jpeg,unknown
train_07454.jpeg,unknown
train_07455.jpeg,unknown
train_07456.jpeg,unknown
train_07457.jpeg,unknown
train_07458.jpeg,unknown
train_07459.jpeg,unknown
train_07460.jpeg,unknown
train_07461.jpeg,unknown
train_07462.jpeg,unknown
train_07463.jpeg,unknown
train_07464.jpeg,unknown
train_07465.jpeg,unknown
train_07466.jpeg,unknown
train_07467.jpeg,unknown
train_07468.jpeg,unknown
train_07469.jpeg,unknown
train_07470.jpeg,unknown
train_07471.jpeg,unknown
train_07472.jpeg,unknown
train_07473.jpeg,unknown
train_07474.jpeg,unknown
train_07475.jpeg,unknown
train_07476.jpeg,unknown
train_07477.jpeg,unknown
train_07478.jpeg,unknown
train_07479.jpeg,unknown
train_07480.jpeg,unknown
train_07481.jpeg,unknown
train_07482.jpeg,unknown
train_07483.jpeg,unknown
train_07484.jpeg,unknown
train_07485.jpeg,unknown
train_07486.jpeg,unknown
train_07487.jpeg,unknown
train_07488.jpeg,unknown
train_07489.jpeg,unknown
train_07490.jpeg,unknown
train_07491.jpeg,unknown
train_07492.jpeg,unknown
train_07493.jpeg,unknown
train_07494.jpeg,unknown
train_07495.jpeg,unknown
train_07496.jpeg,unknown
train_07497.jpeg,unknown
train_07498.jpeg,unknown
train_07499.jpeg,unknown
train_07500.jpeg,unknown
train_07501.jpeg,unknown
train_07502.jpeg,unknown
train_07503.jpeg,unknown
train_07504.jpeg,unknown
train_07505.jpeg,unknown
train_07506.jpeg,unknown
train_07507.jpeg,unknown
train_07508.jpeg,unknown
train_07509.jpeg,unknown
train_07510.jpeg,unknown
train_07511.jpeg,unknown
train_07512.jpeg,unknown
train_07513.jpeg,unknown
train_07514.jpeg,unknown
train_07515.jpeg,unknown
train_07516.jpeg,unknown
train_07517.jpeg,unknown
train_07518.jpeg,unknown
train_07519.jpeg,unknown
train_07520.jpeg,unknown
train_07521.jpeg,unknown
train_07522.jpeg,unknown
train_07523.jpeg,unknown
train_07524.jpeg,unknown
train_07525.jpeg,unknown
train_07526.jpeg,unknown
train_07527.jpeg,unknown
train_07528.jpeg,unknown
train_07529.jpeg,unknown
train_07530.jpeg,unknown
train_07531.jpeg,unknown
train_07532.jpeg,unknown
train_07533.jpeg,unknown
train_07534.jpeg,unknown
train_07535.jpeg,unknown
train_07536.jpeg,unknown
train_07537.jpeg,unknown
train_07538.jpeg,unknown
train_07539.jpeg,unknown
train_07540.jpeg,unknown
train_07541.jpeg,unknown
train_07542.jpeg,unknown
train_07543.jpeg,unknown
train_07544.jpeg,unknown
train_07545.jpeg,unknown
train_07546.jpeg,unknown
train_07547.jpeg,unknown
train_07548.jpeg,unknown
train_07549.jpeg,unknown
train_07550.jpeg,unknown
train_07551.jpeg,unknown
train_07552.jpeg,unknown
train_07553.jpeg,unknown
train_07554.jpeg,unknown
train_07555.jpeg,unknown
train_07556.jpeg,unknown
train_07557.jpeg,unknown
train_07558.jpeg,unknown
train_07559.jpeg,unknown
train_07560.jpeg,unknown
train_07561.jpeg,unknown
train_07562.jpeg,unknown
train_07563.jpeg,unknown
train_07564.jpeg,unknown
train_07565.jpeg,unknown
train_07566.jpeg,unknown
train_07567.jpeg,unknown
train_07568.jpeg,unknown
train_07569.jpeg,unknown
train_07570.jpeg,unknown
train_07571.jpeg,unknown
train_07572.jpeg,unknown
train_07573.jpeg,unknown
train_07574.jpeg,unknown
train_07575.jpeg,unknown
train_07576.jpeg,unknown
train_07577.jpeg,unknown
train_07578.jpeg,unknown
train_07579.jpeg,unknown
train_07580.jpeg,unknown
train_07581.jpeg,unknown
train_07582.jpeg,unknown
train_07583.jpeg,unknown
train_07584.jpeg,unknown
train_07585.jpeg,unknown
train_07586.jpeg,unknown
train_07587.jpeg,unknown
train_07588.jpeg,unknown
train_07589.jpeg,unknown
train_07590.jpeg,unknown
train_07591.jpeg,unknown
train_07592.jpeg,unknown
train_07593.jpeg,unknown
train_07594.jpeg,unknown
train_07595.jpeg,unknown
train_07596.jpeg,unknown
train_07597.jpeg,unknown
train_07598.jpeg,unknown
train_07599.jpeg,unknown
train_07600.jpeg,unknown
train_07601.jpeg,unknown
train_07602.jpeg,unknown
train_07603.jpeg,unknown
train_07604.jpeg,unknown
train_07605.jpeg,unknown
train_07606.jpeg,unknown
train_07607.jpeg,unknown
train_07608.jpeg,unknown
train_07609.jpeg,unknown
train_07610.jpeg,unknown
train_07611.jpeg,unknown
train_07612.jpeg,unknown
train_07613.jpeg,unknown
train_07614.jpeg,unknown
train_07615.jpeg,unknown
train_07616.jpeg,unknown
train_07617.jpeg,unknown
train_07618.jpeg,unknown
train_07619.jpeg,unknown
train_07620.jpeg,unknown
train_07621.jpeg,unknown
train_07622.jpeg,unknown
train_07623.jpeg,unknown
train_07624.jpeg,unknown
train_07625.jpeg,unknown
train_07626.jpeg,unknown
train_07627.jpeg,unknown
train_07628.jpeg,unknown
train_07629.jpeg,unknown
train_07630.jpeg,unknown
train_07631.jpeg,unknown
train_07632.jpeg,unknown
train_07633.jpeg,unknown
train_07634.jpeg,unknown
train_07635.jpeg,unknown
train_07636.jpeg,unknown
train_07637.jpeg,unknown
train_07638.jpeg,unknown
train_07639.jpeg,unknown
train_07640.jpeg,unknown
train_07641.jpeg,unknown
train_07642.jpeg,unknown
train_07643.jpeg,unknown
train_07644.jpeg,unknown
train_07645.jpeg,unknown
train_07646.jpeg,unknown
train_07647.jpeg,unknown
train_07648.jpeg,unknown
train_07649.jpeg,unknown
train_07650.jpeg,unknown
train_07651.jpeg,unknown
train_07652.jpeg,unknown
train_07653.jpeg,unknown
train_07654.jpeg,unknown
train_07655.jpeg,unknown
train_07656.jpeg,unknown
train_07657.jpeg,unknown
train_07658.jpeg,unknown
train_07659.jpeg,unknown
train_07660.jpeg,unknown
train_07661.jpeg,unknown
train_07662.jpeg,unknown
train_07663.jpeg,unknown
train_07664.jpeg,unknown
train_07665.jpeg,unknown
train_07666.jpeg,unknown
train_07667.jpeg,unknown
train_07668.jpeg,unknown
train_07669.jpeg,unknown
train_07670.jpeg,unknown
train_07671.jpeg,unknown
train_07672.jpeg,unknown
train_07673.jpeg,unknown
train_07674.jpeg,unknown
train_07675.jpeg,unknown
train_07676.jpeg,unknown
train_07677.jpeg,unknown
train_07678.jpeg,unknown
train_07679.jpeg,unknown
train_07680.jpeg,unknown
train_07681.jpeg,unknown
train_07682.jpeg,unknown
train_07683.jpeg,unknown
train_07684.jpeg,unknown
train_07685.jpeg,unknown
train_07686.jpeg,unknown
train_07687.jpeg,unknown
train_07688.jpeg,unknown
train_07689.jpeg,unknown
train_07690.jpeg,unknown
train_07691.jpeg,unknown
train_07692.jpeg,unknown
train_07693.jpeg,unknown
train_07694.jpeg,unknown
train_07695.jpeg,unknown
train_07696.jpeg,unknown
train_07697.jpeg,unknown
train_07698.jpeg,unknown
train_07699.jpeg,unknown
train_07700.jpeg,unknown
train_07701.jpeg,unknown
train_07702.jpeg,unknown
train_07703.jpeg,unknown
train_07704.jpeg,unknown
train_07705.jpeg,unknown
train_07706.jpeg,unknown
train_07707.jpeg,unknown
train_07708.jpeg,unknown
train_07709.jpeg,unknown
train_07710.jpeg,unknown
train_07711.jpeg,unknown
train_07712.jpeg,unknown
train_07713.jpeg,unknown
train_07714.jpeg,unknown
train_07715.jpeg,unknown
train_07716.jpeg,unknown
train_07717.jpeg,unknown
train_07718.jpeg,unknown
train_07719.jpeg,unknown
train_07720.jpeg,unknown
train_07721.jpeg,unknown
train_07722.jpeg,unknown
train_07723.jpeg,unknown
train_07724.jpeg,unknown
train_07725.jpeg,unknown
train_07726.jpeg,unknown
train_07727.jpeg,unknown
train_07728.jpeg,unknown
train_07729.jpeg,unknown
train_07730.jpeg,unknown
train_07731.jpeg,unknown
train_07732.jpeg,unknown
train_07733.jpeg,unknown
train_07734.jpeg,unknown
train_07735.jpeg,unknown
train_07736.jpeg,unknown
train_07737.jpeg,unknown
train_07738.jpeg,unknown
train_07739.jpeg,unknown
train_07740.jpeg,unknown
train_07741.jpeg,unknown
train_07742.jpeg,unknown
train_07743.jpeg,unknown
train_07744.jpeg,unknown
train_07745.jpeg,unknown
train_07746.jpeg,unknown
train_07747.jpeg,unknown
train_07748.jpeg,unknown
train_07749.jpeg,unknown
train_07750.jpeg,unknown
train_07751.jpeg,unknown
train_07752.jpeg,unknown
train_07753.jpeg,unknown
train_07754.jpeg,unknown
train_07755.jpeg,unknown
train_07756.jpeg,unknown
train_07757.jpeg,unknown
train_07758.jpeg,unknown
train_07759.jpeg,unknown
train_07760.jpeg,unknown
train_07761.jpeg,unknown
train_07762.jpeg,unknown
train_07763.jpeg,unknown
train_07764.jpeg,unknown
train_07765.jpeg,unknown
train_07766.jpeg,unknown
train_07767.jpeg,unknown
train_07768.jpeg,unknown
train_07769.jpeg,unknown
train_07770.jpeg,unknown
train_07771.jpeg,unknown
train_07772.jpeg,unknown
train_07773.jpeg,unknown
train_07774.jpeg,unknown
train_07775.jpeg,unknown
train_07776.jpeg,unknown
train_07777.jpeg,unknown
train_07778.jpeg,unknown
train_07779.jpeg,unknown
train_07780.jpeg,unknown
train_07781.jpeg,unknown
train_07782.jpeg,unknown
train_07783.jpeg,unknown
train_07784.jpeg,unknown
train_07785.jpeg,unknown
train_07786.jpeg,unknown
train_07787.jpeg,unknown
train_07788.jpeg,unknown
train_07789.jpeg,unknown
train_07790.jpeg,unknown
train_07791.jpeg,unknown
train_07792.jpeg,unknown
train_07793.jpeg,unknown
train_07794.jpeg,unknown
train_07795.jpeg,unknown
train_07796.jpeg,unknown
train_07797.jpeg,unknown
train_07798.jpeg,unknown
train_07799.jpeg,unknown
train_07800.jpeg,unknown
train_07801.jpeg,unknown
train_07802.jpeg,unknown
train_07803.jpeg,unknown
train_07804.jpeg,unknown
train_07805.jpeg,unknown
train_07806.jpeg,unknown
train_07807.jpeg,unknown
train_07808.jpeg,unknown
train_07809.jpeg,unknown
train_07810.jpeg,unknown
train_07811.jpeg,unknown
train_07812.jpeg,unknown
train_07813.jpeg,unknown
train_07814.jpeg,unknown
train_07815.jpeg,unknown
train_07816.jpeg,unknown
train_07817.jpeg,unknown
train_07818.jpeg,unknown
train_07819.jpeg,unknown
train_07820.jpeg,unknown
train_07821.jpeg,unknown
train_07822.jpeg,unknown
train_07823.jpeg,unknown
train_07824.jpeg,unknown
train_07825.jpeg,unknown
train_07826.jpeg,unknown
train_07827.jpeg,unknown
train_07828.jpeg,unknown
train_07829.jpeg,unknown
train_07830.jpeg,unknown
train_07831.jpeg,unknown
train_07832.jpeg,unknown
train_07833.jpeg,unknown
train_07834.jpeg,unknown
train_07835.jpeg,unknown
train_07836.jpeg,unknown
train_07837.jpeg,unknown
train_07838.jpeg,unknown
train_07839.jpeg,unknown
train_07840.jpeg,unknown
train_07841.jpeg,unknown
train_07842.jpeg,unknown
train_07843.jpeg,unknown
train_07844.jpeg,unknown
train_07845.jpeg,unknown
train_07846.jpeg,unknown
train_07847.jpeg,unknown
train_07848.jpeg,unknown
train_07849.jpeg,unknown
train_07850.jpeg,unknown
train_07851.jpeg,unknown
train_07852.jpeg,unknown
train_07853.jpeg,unknown
train_07854.jpeg,unknown
train_07855.jpeg,unknown
train_07856.jpeg,unknown
train_07857.jpeg,unknown
train_07858.jpeg,unknown
train_07859.jpeg,unknown
train_07860.jpeg,unknown
train_07861.jpeg,unknown
train_07862.jpeg,unknown
train_07863.jpeg,unknown
train_07864.jpeg,unknown
train_07865.jpeg,unknown
train_07866.jpeg,unknown
train_07867.jpeg,unknown
train_07868.jpeg,unknown
train_07869.jpeg,unknown
train_07870.jpeg,unknown
train_07871.jpeg,unknown
train_07872.jpeg,unknown
train_07873.jpeg,unknown
train_07874.jpeg,unknown
train_07875.jpeg,unknown
train_07876.jpeg,unknown
train_07877.jpeg,unknown
train_07878.jpeg,unknown
train_07879.jpeg,unknown
train_07880.jpeg,unknown
train_07881.jpeg,unknown
train_07882.jpeg,unknown
train_07883.jpeg,unknown
train_07884.jpeg,unknown
train_07885.jpeg,unknown
train_07886.jpeg,unknown
train_07887.jpeg,unknown
train_07888.jpeg,unknown
train_07889.jpeg,unknown
train_07890.jpeg,unknown
train_07891.jpeg,unknown
train_07892.jpeg,unknown
train_07893.jpeg,unknown
train_07894.jpeg,unknown
train_07895.jpeg,unknown
train_07896.jpeg,unknown
train_07897.jpeg,unknown
train_07898.jpeg,unknown
train_07899.jpeg,unknown
train_07900.jpeg,unknown
train_07901.jpeg,unknown
train_07902.jpeg,unknown
train_07903.jpeg,unknown
train_07904.jpeg,unknown
train_07905.jpeg,unknown
train_07906.jpeg,unknown
train_07907.jpeg,unknown
train_07908.jpeg,unknown
train_07909.jpeg,unknown
train_07910.jpeg,unknown
train_07911.jpeg,unknown
train_07912.jpeg,unknown
train_07913.jpeg,unknown
train_07914.jpeg,unknown
train_07915.jpeg,unknown
train_07916.jpeg,unknown
train_07917.jpeg,unknown
train_07918.jpeg,unknown
train_07919.jpeg,unknown
train_07920.jpeg,unknown
train_07921.jpeg,unknown
train_07922.jpeg,unknown
train_07923.jpeg,unknown
train_07924.jpeg,unknown
train_07925.jpeg,unknown
train_07926.jpeg,unknown
train_07927.jpeg,unknown
train_07928.jpeg,unknown
train_07929.jpeg,unknown
train_07930.jpeg,unknown
train_07931.jpeg,unknown
train_07932.jpeg,unknown
train_07933.jpeg,unknown
train_07934.jpeg,unknown
train_07935.jpeg,unknown
train_07936.jpeg,unknown
train_07937.jpeg,unknown
train_07938.jpeg,unknown
train_07939.jpeg,unknown
train_07940.jpeg,unknown
train_07941.jpeg,unknown
train_07942.jpeg,unknown
train_07943.jpeg,unknown
train_07944.jpeg,unknown
train_07945.jpeg,unknown
train_07946.jpeg,unknown
train_07947.jpeg,unknown
train_07948.jpeg,unknown
train_07949.jpeg,unknown
train_07950.jpeg,unknown
train_07951.jpeg,unknown
train_07952.jpeg,unknown
train_07953.jpeg,unknown
train_07954.jpeg,unknown
train_07955.jpeg,unknown
train_07956.jpeg,unknown
train_07957.jpeg,unknown
train_07958.jpeg,unknown
train_07959.jpeg,unknown
train_07960.jpeg,unknown
train_07961.jpeg,unknown
train_07962.jpeg,unknown
train_07963.jpeg,unknown
train_07964.jpeg,unknown
train_07965.jpeg,unknown
train_07966.jpeg,unknown
train_07967.jpeg,unknown
train_07968.jpeg,unknown
train_07969.jpeg,unknown
train_07970.jpeg,unknown
train_07971.jpeg,unknown
train_07972.jpeg,unknown
train_07973.jpeg,unknown
train_07974.jpeg,unknown
train_07975.jpeg,unknown
train_07976.jpeg,unknown
train_07977.jpeg,unknown
train_07978.jpeg,unknown
train_07979.jpeg,unknown
train_07980.jpeg,unknown
train_07981.jpeg,unknown
train_07982.jpeg,unknown
train_07983.jpeg,unknown
train_07984.jpeg,unknown
train_07985.jpeg,unknown
train_07986.jpeg,unknown
train_07987.jpeg,unknown
train_07988.jpeg,unknown
train_07989.jpeg,unknown
train_07990.jpeg,unknown
train_07991.jpeg,unknown
train_07992.jpeg,unknown
train_07993.jpeg,unknown
train_07994.jpeg,unknown
train_07995.jpeg,unknown
train_07996.jpeg,unknown
train_07997.jpeg,unknown
train_07998.jpeg,unknown
train_07999.jpeg,unknown
train_08000.jpeg,unknown
train_08001.jpeg,unknown
train_08002.jpeg,unknown
train_08003.jpeg,unknown
train_08004.jpeg,unknown
train_08005.jpeg,unknown
train_08006.jpeg,unknown
train_08007.jpeg,unknown
train_08008.jpeg,unknown
train_08009.jpeg,unknown
train_08010.jpeg,unknown
train_08011.jpeg,unknown
train_08012.jpeg,unknown
train_08013.jpeg,unknown
train_08014.jpeg,unknown
train_08015.jpeg,unknown
train_08016.jpeg,unknown
train_08017.jpeg,unknown
train_08018.jpeg,unknown
train_08019.jpeg,unknown
train_08020.jpeg,unknown
train_08021.jpeg,unknown
train_08022.jpeg,unknown
train_08023.jpeg,unknown
train_08024.jpeg,unknown
train_08025.jpeg,unknown
train_08026.jpeg,unknown
train_08027.jpeg,unknown
train_08028.jpeg,unknown
train_08029.jpeg,unknown
train_08030.jpeg,unknown
train_08031.jpeg,unknown
train_08032.jpeg,unknown
train_08033.jpeg,unknown
train_08034.jpeg,unknown
train_08035.jpeg,unknown
train_08036.jpeg,unknown
train_08037.jpeg,unknown
train_08038.jpeg,unknown
train_08039.jpeg,unknown
train_08040.jpeg,unknown
train_08041.jpeg,unknown
train_08042.jpeg,unknown
train_08043.jpeg,unknown
train_08044.jpeg,unknown
train_08045.jpeg,unknown
train_08046.jpeg,unknown
train_08047.jpeg,unknown
train_08048.jpeg,unknown
train_08049.jpeg,unknown
train_08050.jpeg,unknown
train_08051.jpeg,unknown
train_08052.jpeg,unknown
train_08053.jpeg,unknown
train_08054.jpeg,unknown
train_08055.jpeg,unknown
train_08056.jpeg,unknown
train_08057.jpeg,unknown
train_08058.jpeg,unknown
train_08059.jpeg,unknown
train_08060.jpeg,unknown
train_08061.jpeg,unknown
train_08062.jpeg,unknown
train_08063.jpeg,unknown
train_08064.jpeg,unknown
train_08065.jpeg,unknown
train_08066.jpeg,unknown
train_08067.jpeg,unknown
train_08068.jpeg,unknown
train_08069.jpeg,unknown
train_08070.jpeg,unknown
train_08071.jpeg,unknown
train_08072.jpeg,unknown
train_08073.jpeg,unknown
train_08074.jpeg,unknown
train_08075.jpeg,unknown
train_08076.jpeg,unknown
train_08077.jpeg,unknown
train_08078.jpeg,unknown
train_08079.jpeg,unknown
train_08080.jpeg,unknown
train_08081.jpeg,unknown
train_08082.jpeg,unknown
train_08083.jpeg,unknown
train_08084.jpeg,unknown
train_08085.jpeg,unknown
train_08086.jpeg,unknown
train_08087.jpeg,unknown
train_08088.jpeg,unknown
train_08089.jpeg,unknown
train_08090.jpeg,unknown
train_08091.jpeg,unknown
train_08092.jpeg,unknown
train_08093.jpeg,unknown
train_08094.jpeg,unknown
train_08095.jpeg,unknown
train_08096.jpeg,unknown
train_08097.jpeg,unknown
train_08098.jpeg,unknown
train_08099.jpeg,unknown
train_08100.jpeg,unknown
train_08101.jpeg,unknown
train_08102.jpeg,unknown
train_08103.jpeg,unknown
train_08104.jpeg,unknown
train_08105.jpeg,unknown
train_08106.jpeg,unknown
train_08107.jpeg,unknown
train_08108.jpeg,unknown
train_08109.jpeg,unknown
train_08110.jpeg,unknown
train_08111.jpeg,unknown
train_08112.jpeg,unknown
train_08113.jpeg,unknown
train_08114.jpeg,unknown
train_08115.jpeg,unknown
train_08116.jpeg,unknown
train_08117.jpeg,unknown
train_08118.jpeg,unknown
train_08119.jpeg,unknown
train_08120.jpeg,unknown
train_08121.jpeg,unknown
train_08122.jpeg,unknown
train_08123.jpeg,unknown
train_08124.jpeg,unknown
train_08125.jpeg,unknown
train_08126.jpeg,unknown
train_08127.jpeg,unknown
train_08128.jpeg,unknown
train_08129.jpeg,unknown
train_08130.jpeg,unknown
train_08131.jpeg,unknown
train_08132.jpeg,unknown
train_08133.jpeg,unknown
train_08134.jpeg,unknown
train_08135.jpeg,unknown
train_08136.jpeg,unknown
train_08137.jpeg,unknown
train_08138.jpeg,unknown
train_08139.jpeg,unknown
train_08140.jpeg,unknown
train_08141.jpeg,unknown
train_08142.jpeg,unknown
train_08143.jpeg,unknown
train_08144.jpeg,unknown
train_08145.jpeg,unknown
train_08146.jpeg,unknown
train_08147.jpeg,unknown
train_08148.jpeg,unknown
train_08149.jpeg,unknown
train_08150.jpeg,unknown
train_08151.jpeg,unknown
train_08152.jpeg,unknown
train_08153.jpeg,unknown
train_08154.jpeg,unknown
train_08155.jpeg,unknown
train_08156.jpeg,unknown
train_08157.jpeg,unknown
train_08158.jpeg,unknown
train_08159.jpeg,unknown
train_08160.jpeg,unknown
train_08161.jpeg,unknown
train_08162.jpeg,unknown
train_08163.jpeg,unknown
train_08164.jpeg,unknown
train_08165.jpeg,unknown
train_08166.jpeg,unknown
train_08167.jpeg,unknown
train_08168.jpeg,unknown
train_08169.jpeg,unknown
train_08170.jpeg,unknown
train_08171.jpeg,unknown
train_08172.jpeg,unknown
train_08173.jpeg,unknown
train_08174.jpeg,unknown
train_08175.jpeg,unknown
train_08176.jpeg,unknown
train_08177.jpeg,unknown
train_08178.jpeg,unknown
train_08179.jpeg,unknown
train_08180.jpeg,unknown
train_08181.jpeg,unknown
train_08182.jpeg,unknown
train_08183.jpeg,unknown
train_08184.jpeg,unknown
train_08185.jpeg,unknown
train_08186.jpeg,unknown
train_08187.jpeg,unknown
train_08188.jpeg,unknown
train_08189.jpeg,unknown
train_08190.jpeg,unknown
train_08191.jpeg,unknown
train_08192.jpeg,unknown
train_08193.jpeg,unknown
train_08194.jpeg,unknown
train_08195.jpeg,unknown
train_08196.jpeg,unknown
train_08197.jpeg,unknown
train_08198.jpeg,unknown
train_08199.jpeg,unknown
train_08200.jpeg,unknown
train_08201.jpeg,unknown
train_08202.jpeg,unknown
train_08203.jpeg,unknown
train_08204.jpeg,unknown
train_08205.jpeg,unknown
train_08206.jpeg,unknown
train_08207.jpeg,unknown
train_08208.jpeg,unknown
train_08209.jpeg,unknown
train_08210.jpeg,unknown
train_08211.jpeg,unknown
train_08212.jpeg,unknown
train_08213.jpeg,unknown
train_08214.jpeg,unknown
train_08215.jpeg,unknown
train_08216.jpeg,unknown
train_08217.jpeg,unknown
train_08218.jpeg,unknown
train_08219.jpeg,unknown
train_08220.jpeg,unknown
train_08221.jpeg,unknown
train_08222.jpeg,unknown
train_08223.jpeg,unknown
train_08224.jpeg,unknown
train_08225.jpeg,unknown
train_08226.jpeg,unknown
train_08227.jpeg,unknown
train_08228.jpeg,unknown
train_08229.jpeg,unknown
train_08230.jpeg,unknown
train_08231.jpeg,unknown
train_08232.jpeg,unknown
train_08233.jpeg,unknown
train_08234.jpeg,unknown
train_08235.jpeg,unknown
train_08236.jpeg,unknown
train_08237.jpeg,unknown
train_08238.jpeg,unknown
train_08239.jpeg,unknown
train_08240.jpeg,unknown
train_08241.jpeg,unknown
train_08242.jpeg,unknown
train_08243.jpeg,unknown
train_08244.jpeg,unknown
train_08245.jpeg,unknown
train_08246.jpeg,unknown
train_08247.jpeg,unknown
train_08248.jpeg,unknown
train_08249.jpeg,unknown
train_08250.jpeg,unknown
train_08251.jpeg,unknown
train_08252.jpeg,unknown
train_08253.jpeg,unknown
train_08254.jpeg,unknown
train_08255.jpeg,unknown
train_08256.jpeg,unknown
train_08257.jpeg,unknown
train_08258.jpeg,unknown
train_08259.jpeg,unknown
train_08260.jpeg,unknown
train_08261.jpeg,unknown
train_08262.jpeg,unknown
train_08263.jpeg,unknown
train_08264.jpeg,unknown
train_08265.jpeg,unknown
train_08266.jpeg,unknown
train_08267.jpeg,unknown
train_08268.jpeg,unknown
train_08269.jpeg,unknown
train_08270.jpeg,unknown
train_08271.jpeg,unknown
train_08272.jpeg,unknown
train_08273.jpeg,unknown
train_08274.jpeg,unknown
train_08275.jpeg,unknown
train_08276.jpeg,unknown
train_08277.jpeg,unknown
train_08278.jpeg,unknown
train_08279.jpeg,unknown
train_08280.jpeg,unknown
train_08281.jpeg,unknown
train_08282.jpeg,unknown
train_08283.jpeg,unknown
train_08284.jpeg,unknown
train_08285.jpeg,unknown
train_08286.jpeg,unknown
train_08287.jpeg,unknown
train_08288.jpeg,unknown
train_08289.jpeg,unknown
train_08290.jpeg,unknown
train_08291.jpeg,unknown
train_08292.jpeg,unknown
train_08293.jpeg,unknown
train_08294.jpeg,unknown
train_08295.jpeg,unknown
train_08296.jpeg,unknown
train_08297.jpeg,unknown
train_08298.jpeg,unknown
train_08299.jpeg,unknown
train_08300.jpeg,unknown
train_08301.jpeg,unknown
train_08302.jpeg,unknown
train_08303.jpeg,unknown
train_08304.jpeg,unknown
train_08305.jpeg,unknown
train_08306.jpeg,unknown
train_08307.jpeg,unknown
train_08308.jpeg,unknown
train_08309.jpeg,unknown
train_08310.jpeg,unknown
train_08311.jpeg,unknown
train_08312.jpeg,unknown
train_08313.jpeg,unknown
train_08314.jpeg,unknown
train_08315.jpeg,unknown
train_08316.jpeg,unknown
train_08317.jpeg,unknown
train_08318.jpeg,unknown
train_08319.jpeg,unknown
train_08320.jpeg,unknown
train_08321.jpeg,unknown
train_08322.jpeg,unknown
train_08323.jpeg,unknown
train_08324.jpeg,unknown
train_08325.jpeg,unknown
train_08326.jpeg,unknown
train_08327.jpeg,unknown
train_08328.jpeg,unknown
train_08329.jpeg,unknown
train_08330.jpeg,unknown
train_08331.jpeg,unknown
train_08332.jpeg,unknown
train_08333.jpeg,unknown
train_08334.jpeg,unknown
train_08335.jpeg,unknown
train_08336.jpeg,unknown
train_08337.jpeg,unknown
train_08338.jpeg,unknown
train_08339.jpeg,unknown
train_08340.jpeg,unknown
train_08341.jpeg,unknown
train_08342.jpeg,unknown
train_08343.jpeg,unknown
train_08344.jpeg,unknown
train_08345.jpeg,unknown
train_08346.jpeg,unknown
train_08347.jpeg,unknown
train_08348.jpeg,unknown
train_08349.jpeg,unknown
train_08350.jpeg,unknown
train_08351.jpeg,unknown
train_08352.jpeg,unknown
train_08353.jpeg,unknown
train_08354.jpeg,unknown
train_08355.jpeg,unknown
train_08356.jpeg,unknown
train_08357.jpeg,unknown
train_08358.jpeg,unknown
train_08359.jpeg,unknown
train_08360.jpeg,unknown
train_08361.jpeg,unknown
train_08362.jpeg,unknown
train_08363.jpeg,unknown
train_08364.jpeg,unknown
train_08365.jpeg,unknown
train_08366.jpeg,unknown
train_08367.jpeg,unknown
train_08368.jpeg,unknown
train_08369.jpeg,unknown
train_08370.jpeg,unknown
train_08371.jpeg,unknown
train_08372.jpeg,unknown
train_08373.jpeg,unknown
train_08374.jpeg,unknown
train_08375.jpeg,unknown
train_08376.jpeg,unknown
train_08377.jpeg,unknown
train_08378.jpeg,unknown
train_08379.jpeg,unknown
train_08380.jpeg,unknown
train_08381.jpeg,unknown
train_08382.jpeg,unknown
train_08383.jpeg,unknown
train_08384.jpeg,unknown
train_08385.jpeg,unknown
train_08386.jpeg,unknown
train_08387.jpeg,unknown
train_08388.jpeg,unknown
train_08389.jpeg,unknown
train_08390.jpeg,unknown
train_08391.jpeg,unknown
train_08392.jpeg,unknown
train_08393.jpeg,unknown
train_08394.jpeg,unknown
train_08395.jpeg,unknown
train_08396.jpeg,unknown
train_08397.jpeg,unknown
train_08398.jpeg,unknown
train_08399.jpeg,unknown
train_08400.jpeg,unknown
train_08401.jpeg,unknown
train_08402.jpeg,unknown
train_08403.jpeg,unknown
train_08404.jpeg,unknown
train_08405.jpeg,unknown
train_08406.jpeg,unknown
train_08407.jpeg,unknown
train_08408.jpeg,unknown
train_08409.jpeg,unknown
train_08410.jpeg,unknown
train_08411.jpeg,unknown
train_08412.jpeg,unknown
train_08413.jpeg,unknown
train_08414.jpeg,unknown
train_08415.jpeg,unknown
train_08416.jpeg,unknown
train_08417.jpeg,unknown
train_08418.jpeg,unknown
train_08419.jpeg,unknown
train_08420.jpeg,unknown
train_08421.jpeg,unknown
train_08422.jpeg,unknown
train_08423.jpeg,unknown
train_08424.jpeg,unknown
train_08425.jpeg,unknown
train_08426.jpeg,unknown
train_08427.jpeg,unknown
train_08428.jpeg,unknown
train_08429.jpeg,unknown
train_08430.jpeg,unknown
train_08431.jpeg,unknown
train_08432.jpeg,unknown
train_08433.jpeg,unknown
train_08434.jpeg,unknown
train_08435.jpeg,unknown
train_08436.jpeg,unknown
train_08437.jpeg,unknown
train_08438.jpeg,unknown
train_08439.jpeg,unknown
train_08440.jpeg,unknown
train_08441.jpeg,unknown
train_08442.jpeg,unknown
train_08443.jpeg,unknown
train_08444.jpeg,unknown
train_08445.jpeg,unknown
train_08446.jpeg,unknown
train_08447.jpeg,unknown
train_08448.jpeg,unknown
train_08449.jpeg,unknown
train_08450.jpeg,unknown
train_08451.jpeg,unknown
train_08452.jpeg,unknown
train_08453.jpeg,unknown
train_08454.jpeg,unknown
train_08455.jpeg,unknown
train_08456.jpeg,unknown
train_08457.jpeg,unknown
train_08458.jpeg,unknown
train_08459.jpeg,unknown
train_08460.jpeg,unknown
train_08461.jpeg,unknown
train_08462.jpeg,unknown
train_08463.jpeg,unknown
train_08464.jpeg,unknown
train_08465.jpeg,unknown
train_08466.jpeg,unknown
train_08467.jpeg,unknown
train_08468.jpeg,unknown
train_08469.jpeg,unknown
train_08470.jpeg,unknown
train_08471.jpeg,unknown
train_08472.jpeg,unknown
train_08473.jpeg,unknown
train_08474.jpeg,unknown
train_08475.jpeg,unknown
train_08476.jpeg,unknown
train_08477.jpeg,unknown
train_08478.jpeg,unknown
train_08479.jpeg,unknown
train_08480.jpeg,unknown
train_08481.jpeg,unknown
train_08482.jpeg,unknown
train_08483.jpeg,unknown
train_08484.jpeg,unknown
train_08485.jpeg,unknown
train_08486.jpeg,unknown
train_08487.jpeg,unknown
train_08488.jpeg,unknown
train_08489.jpeg,unknown
train_08490.jpeg,unknown
train_08491.jpeg,unknown
train_08492.jpeg,unknown
train_08493.jpeg,unknown
train_08494.jpeg,unknown
train_08495.jpeg,unknown
train_08496.jpeg,unknown
train_08497.jpeg,unknown
train_08498.jpeg,unknown
train_08499.jpeg,unknown
train_08500.jpeg,unknown
train_08501.jpeg,unknown
train_08502.jpeg,unknown
train_08503.jpeg,unknown
train_08504.jpeg,unknown
train_08505.jpeg,unknown
train_08506.jpeg,unknown
train_08507.jpeg,unknown
train_08508.jpeg,unknown
train_08509.jpeg,unknown
train_08510.jpeg,unknown
train_08511.jpeg,unknown
train_08512.jpeg,unknown
train_08513.jpeg,unknown
train_08514.jpeg,unknown
train_08515.jpeg,unknown
train_08516.jpeg,unknown
train_08517.jpeg,unknown
train_08518.jpeg,unknown
train_08519.jpeg,unknown
train_08520.jpeg,unknown
train_08521.jpeg,unknown
train_08522.jpeg,unknown
train_08523.jpeg,unknown
train_08524.jpeg,unknown
train_08525.jpeg,unknown
train_08526.jpeg,unknown
train_08527.jpeg,unknown
train_08528.jpeg,unknown
train_08529.jpeg,unknown
train_08530.jpeg,unknown
train_08531.jpeg,unknown
train_08532.jpeg,unknown
train_08533.jpeg,unknown
train_08534.jpeg,unknown
train_08535.jpeg,unknown
train_08536.jpeg,unknown
train_08537.jpeg,unknown
train_08538.jpeg,unknown
train_08539.jpeg,unknown
train_08540.jpeg,unknown
train_08541.jpeg,unknown
train_08542.jpeg,unknown
train_08543.jpeg,unknown
train_08544.jpeg,unknown
train_08545.jpeg,unknown
train_08546.jpeg,unknown
train_08547.jpeg,unknown
train_08548.jpeg,unknown
train_08549.jpeg,unknown
train_08550.jpeg,unknown
train_08551.jpeg,unknown
train_08552.jpeg,unknown
train_08553.jpeg,unknown
train_08554.jpeg,unknown
train_08555.jpeg,unknown
train_08556.jpeg,unknown
train_08557.jpeg,unknown
train_08558.jpeg,unknown
train_08559.jpeg,unknown
train_08560.jpeg,unknown
train_08561.jpeg,unknown
train_08562.jpeg,unknown
train_08563.jpeg,unknown
train_08564.jpeg,unknown
train_08565.jpeg,unknown
train_08566.jpeg,unknown
train_08567.jpeg,unknown
train_08568.jpeg,unknown
train_08569.jpeg,unknown
train_08570.jpeg,unknown
train_08571.jpeg,unknown
train_08572.jpeg,unknown
train_08573.jpeg,unknown
train_08574.jpeg,unknown
train_08575.jpeg,unknown
train_08576.jpeg,unknown
train_08577.jpeg,unknown
train_08578.jpeg,unknown
train_08579.jpeg,unknown
train_08580.jpeg,unknown
train_08581.jpeg,unknown
train_08582.jpeg,unknown
train_08583.jpeg,unknown
train_08584.jpeg,unknown
train_08585.jpeg,unknown
train_08586.jpeg,unknown
train_08587.jpeg,unknown
train_08588.jpeg,unknown
train_08589.jpeg,unknown
train_08590.jpeg,unknown
train_08591.jpeg,unknown
train_08592.jpeg,unknown
train_08593.jpeg,unknown
train_08594.jpeg,unknown
train_08595.jpeg,unknown
train_08596.jpeg,unknown
train_08597.jpeg,unknown
train_08598.jpeg,unknown
train_08599.jpeg,unknown
train_08600.jpeg,unknown
train_08601.jpeg,unknown
train_08602.jpeg,unknown
train_08603.jpeg,unknown
train_08604.jpeg,unknown
train_08605.jpeg,unknown
train_08606.jpeg,unknown
train_08607.jpeg,unknown
train_08608.jpeg,unknown
train_08609.jpeg,unknown
train_08610.jpeg,unknown
train_08611.jpeg,unknown
train_08612.jpeg,unknown
train_08613.jpeg,unknown
train_08614.jpeg,unknown
train_08615.jpeg,unknown
train_08616.jpeg,unknown
train_08617.jpeg,unknown
train_08618.jpeg,unknown
train_08619.jpeg,unknown
train_08620.jpeg,unknown
train_08621.jpeg,unknown
train_08622.jpeg,unknown
train_08623.jpeg,unknown
train_08624.jpeg,unknown
train_08625.jpeg,unknown
train_08626.jpeg,unknown
train_08627.jpeg,unknown
train_08628.jpeg,unknown
train_08629.jpeg,unknown
train_08630.jpeg,unknown
train_08631.jpeg,unknown
train_08632.jpeg,unknown
train_08633.jpeg,unknown
train_08634.jpeg,unknown
train_08635.jpeg,unknown
train_08636.jpeg,unknown
train_08637.jpeg,unknown
train_08638.jpeg,unknown
train_08639.jpeg,unknown
train_08640.jpeg,unknown
train_08641.jpeg,unknown
train_08642.jpeg,unknown
train_08643.jpeg,unknown
train_08644.jpeg,unknown
train_08645.jpeg,unknown
train_08646.jpeg,unknown
train_08647.jpeg,unknown
train_08648.jpeg,unknown
train_08649.jpeg,unknown
train_08650.jpeg,unknown
train_08651.jpeg,unknown
train_08652.jpeg,unknown
train_08653.jpeg,unknown
train_08654.jpeg,unknown
train_08655.jpeg,unknown
train_08656.jpeg,unknown
train_08657.jpeg,unknown
train_08658.jpeg,unknown
train_08659.jpeg,unknown
train_08660.jpeg,unknown
train_08661.jpeg,unknown
train_08662.jpeg,unknown
train_08663.jpeg,unknown
train_08664.jpeg,unknown
train_08665.jpeg,unknown
train_08666.jpeg,unknown
train_08667.jpeg,unknown
train_08668.jpeg,unknown
train_08669.jpeg,unknown
train_08670.jpeg,unknown
train_08671.jpeg,unknown
train_08672.jpeg,unknown
train_08673.jpeg,unknown
train_08674.jpeg,unknown
train_08675.jpeg,unknown
train_08676.jpeg,unknown
train_08677.jpeg,unknown
train_08678.jpeg,unknown
train_08679.jpeg,unknown
train_08680.jpeg,unknown
train_08681.jpeg,unknown
train_08682.jpeg,unknown
train_08683.jpeg,unknown
train_08684.jpeg,unknown
train_08685.jpeg,unknown
train_08686.jpeg,unknown
train_08687.jpeg,unknown
train_08688.jpeg,unknown
train_08689.jpeg,unknown
train_08690.jpeg,unknown
train_08691.jpeg,unknown
train_08692.jpeg,unknown
train_08693.jpeg,unknown
train_08694.jpeg,unknown
train_08695.jpeg,unknown
train_08696.jpeg,unknown
train_08697.jpeg,unknown
train_08698.jpeg,unknown
train_08699.jpeg,unknown
train_08700.jpeg,unknown
train_08701.jpeg,unknown
train_08702.jpeg,unknown
train_08703.jpeg,unknown
train_08704.jpeg,unknown
train_08705.jpeg,unknown
train_08706.jpeg,unknown
train_08707.jpeg,unknown
train_08708.jpeg,unknown
train_08709.jpeg,unknown
train_08710.jpeg,unknown
train_08711.jpeg,unknown
train_08712.jpeg,unknown
train_08713.jpeg,unknown
train_08714.jpeg,unknown
train_08715.jpeg,unknown
train_08716.jpeg,unknown
train_08717.jpeg,unknown
train_08718.jpeg,unknown
train_08719.jpeg,unknown
train_08720.jpeg,unknown
train_08721.jpeg,unknown
train_08722.jpeg,unknown
train_08723.jpeg,unknown
train_08724.jpeg,unknown
train_08725.jpeg,unknown
train_08726.jpeg,unknown
train_08727.jpeg,unknown
train_08728.jpeg,unknown
train_08729.jpeg,unknown
train_08730.jpeg,unknown
train_08731.jpeg,unknown
train_08732.jpeg,unknown
train_08733.jpeg,unknown
train_08734.jpeg,unknown
train_08735.jpeg,unknown
train_08736.jpeg,unknown
train_08737.jpeg,unknown
train_08738.jpeg,unknown
train_08739.jpeg,unknown
train_08740.jpeg,unknown
train_08741.jpeg,unknown
train_08742.jpeg,unknown
train_08743.jpeg,unknown
train_08744.jpeg,unknown
train_08745.jpeg,unknown
train_08746.jpeg,unknown
train_08747.jpeg,unknown
train_08748.jpeg,unknown
train_08749.jpeg,unknown
train_08750.jpeg,unknown
train_08751.jpeg,unknown
train_08752.jpeg,unknown
train_08753.jpeg,unknown
train_08754.jpeg,unknown
train_08755.jpeg,unknown
train_08756.jpeg,unknown
train_08757.jpeg,unknown
train_08758.jpeg,unknown
train_08759.jpeg,unknown
train_08760.jpeg,unknown
train_08761.jpeg,unknown
train_08762.jpeg,unknown
train_08763.jpeg,unknown
train_08764.jpeg,unknown
train_08765.jpeg,unknown
train_08766.jpeg,unknown
train_08767.jpeg,unknown
train_08768.jpeg,unknown
train_08769.jpeg,unknown
train_08770.jpeg,unknown
train_08771.jpeg,unknown
train_08772.jpeg,unknown
train_08773.jpeg,unknown
train_08774.jpeg,unknown
train_08775.jpeg,unknown
train_08776.jpeg,unknown
train_08777.jpeg,unknown
train_08778.jpeg,unknown
train_08779.jpeg,unknown
train_08780.jpeg,unknown
train_08781.jpeg,unknown
train_08782.jpeg,unknown
train_08783.jpeg,unknown
train_08784.jpeg,unknown
train_08785.jpeg,unknown
train_08786.jpeg,unknown
train_08787.jpeg,unknown
train_08788.jpeg,unknown
train_08789.jpeg,unknown
train_08790.jpeg,unknown
train_08791.jpeg,unknown
train_08792.jpeg,unknown
train_08793.jpeg,unknown
train_08794.jpeg,unknown
train_08795.jpeg,unknown
train_08796.jpeg,unknown
train_08797.jpeg,unknown
train_08798.jpeg,unknown
train_08799.jpeg,unknown
train_08800.jpeg,unknown
train_08801.jpeg,unknown
train_08802.jpeg,unknown
train_08803.jpeg,unknown
train_08804.jpeg,unknown
train_08805.jpeg,unknown
train_08806.jpeg,unknown
train_08807.jpeg,unknown
train_08808.jpeg,unknown
train_08809.jpeg,unknown
train_08810.jpeg,unknown
train_08811.jpeg,unknown
train_08812.jpeg,unknown
train_08813.jpeg,unknown
train_08814.jpeg,unknown
train_08815.jpeg,unknown
train_08816.jpeg,unknown
train_08817.jpeg,unknown
train_08818.jpeg,unknown
train_08819.jpeg,unknown
train_08820.jpeg,unknown
train_08821.jpeg,unknown
train_08822.jpeg,unknown
train_08823.jpeg,unknown
train_08824.jpeg,unknown
train_08825.jpeg,unknown
train_08826.jpeg,unknown
train_08827.jpeg,unknown
train_08828.jpeg,unknown
train_08829.jpeg,unknown
train_08830.jpeg,unknown
train_08831.jpeg,unknown
train_08832.jpeg,unknown
train_08833.jpeg,unknown
train_08834.jpeg,unknown
train_08835.jpeg,unknown
train_08836.jpeg,unknown
train_08837.jpeg,unknown
train_08838.jpeg,unknown
train_08839.jpeg,unknown
train_08840.jpeg,unknown
train_08841.jpeg,unknown
train_08842.jpeg,unknown
train_08843.jpeg,unknown
train_08844.jpeg,unknown
train_08845.jpeg,unknown
train_08846.jpeg,unknown
train_08847.jpeg,unknown
train_08848.jpeg,unknown
train_08849.jpeg,unknown
train_08850.jpeg,unknown
train_08851.jpeg,unknown
train_08852.jpeg,unknown
train_08853.jpeg,unknown
train_08854.jpeg,unknown
train_08855.jpeg,unknown
train_08856.jpeg,unknown
train_08857.jpeg,unknown
train_08858.jpeg,unknown
train_08859.jpeg,unknown
train_08860.jpeg,unknown
train_08861.jpeg,unknown
train_08862.jpeg,unknown
train_08863.jpeg,unknown
train_08864.jpeg,unknown
train_08865.jpeg,unknown
train_08866.jpeg,unknown
train_08867.jpeg,unknown
train_08868.jpeg,unknown
train_08869.jpeg,unknown
train_08870.jpeg,unknown
train_08871.jpeg,unknown
train_08872.jpeg,unknown
train_08873.jpeg,unknown
train_08874.jpeg,unknown
train_08875.jpeg,unknown
train_08876.jpeg,unknown
train_08877.jpeg,unknown
train_08878.jpeg,unknown
train_08879.jpeg,unknown
train_08880.jpeg,unknown
train_08881.jpeg,unknown
train_08882.jpeg,unknown
train_08883.jpeg,unknown
train_08884.jpeg,unknown
train_08885.jpeg,unknown
train_08886.jpeg,unknown
train_08887.jpeg,unknown
train_08888.jpeg,unknown
train_08889.jpeg,unknown
train_08890.jpeg,unknown
train_08891.jpeg,unknown
train_08892.jpeg,unknown
train_08893.jpeg,unknown
train_08894.jpeg,unknown
train_08895.jpeg,unknown
train_08896.jpeg,unknown
train_08897.jpeg,unknown
train_08898.jpeg,unknown
train_08899.jpeg,unknown
train_08900.jpeg,unknown
train_08901.jpeg,unknown
train_08902.jpeg,unknown
train_08903.jpeg,unknown
train_08904.jpeg,unknown
train_08905.jpeg,unknown
train_08906.jpeg,unknown
train_08907.jpeg,unknown
train_08908.jpeg,unknown
train_08909.jpeg,unknown
train_08910.jpeg,unknown
train_08911.jpeg,unknown
train_08912.jpeg,unknown
train_08913.jpeg,unknown
train_08914.jpeg,unknown
train_08915.jpeg,unknown
train_08916.jpeg,unknown
train_08917.jpeg,unknown
train_08918.jpeg,unknown
train_08919.jpeg,unknown
train_08920.jpeg,unknown
train_08921.jpeg,unknown
train_08922.jpeg,unknown
train_08923.jpeg,unknown
train_08924.jpeg,unknown
train_08925.jpeg,unknown
train_08926.jpeg,unknown
train_08927.jpeg,unknown
train_08928.jpeg,unknown
train_08929.jpeg,unknown
train_08930.jpeg,unknown
train_08931.jpeg,unknown
train_08932.jpeg,unknown
train_08933.jpeg,unknown
train_08934.jpeg,unknown
train_08935.jpeg,unknown
train_08936.jpeg,unknown
train_08937.jpeg,unknown
train_08938.jpeg,unknown
train_08939.jpeg,unknown
train_08940.jpeg,unknown
train_08941.jpeg,unknown
train_08942.jpeg,unknown
train_08943.jpeg,unknown
train_08944.jpeg,unknown
train_08945.jpeg,unknown
train_08946.jpeg,unknown
train_08947.jpeg,unknown
train_08948.jpeg,unknown
train_08949.jpeg,unknown
train_08950.jpeg,unknown
train_08951.jpeg,unknown
train_08952.jpeg,unknown
train_08953.jpeg,unknown
train_08954.jpeg,unknown
train_08955.jpeg,unknown
train_08956.jpeg,unknown
train_08957.jpeg,unknown
train_08958.jpeg,unknown
train_08959.jpeg,unknown
train_08960.jpeg,unknown
train_08961.jpeg,unknown
train_08962.jpeg,unknown
train_08963.jpeg,unknown
train_08964.jpeg,unknown
train_08965.jpeg,unknown
train_08966.jpeg,unknown
train_08967.jpeg,unknown
train_08968.jpeg,unknown
train_08969.jpeg,unknown
train_08970.jpeg,unknown
train_08971.jpeg,unknown
train_08972.jpeg,unknown
train_08973.jpeg,unknown
train_08974.jpeg,unknown
train_08975.jpeg,unknown
train_08976.jpeg,unknown
train_08977.jpeg,unknown
train_08978.jpeg,unknown
train_08979.jpeg,unknown
train_08980.jpeg,unknown
train_08981.jpeg,unknown
train_08982.jpeg,unknown
train_08983.jpeg,unknown
train_08984.jpeg,unknown
train_08985.jpeg,unknown
train_08986.jpeg,unknown
train_08987.jpeg,unknown
train_08988.jpeg,unknown
train_08989.jpeg,unknown
train_08990.jpeg,unknown
train_08991.jpeg,unknown
train_08992.jpeg,unknown
train_08993.jpeg,unknown
train_08994.jpeg,unknown
train_08995.jpeg,unknown
train_08996.jpeg,unknown
train_08997.jpeg,unknown
train_08998.jpeg,unknown
train_08999.jpeg,unknown
train_09000.jpeg,unknown
train_09001.jpeg,unknown
train_09002.jpeg,unknown
train_09003.jpeg,unknown
train_09004.jpeg,unknown
train_09005.jpeg,unknown
train_09006.jpeg,unknown
train_09007.jpeg,unknown
train_09008.jpeg,unknown
train_09009.jpeg,unknown
train_09010.jpeg,unknown
train_09011.jpeg,unknown
train_09012.jpeg,unknown
train_09013.jpeg,unknown
train_09014.jpeg,unknown
train_09015.jpeg,unknown
train_09016.jpeg,unknown
train_09017.jpeg,unknown
train_09018.jpeg,unknown
train_09019.jpeg,unknown
train_09020.jpeg,unknown
train_09021.jpeg,unknown
train_09022.jpeg,unknown
train_09023.jpeg,unknown
train_09024.jpeg,unknown
train_09025.jpeg,unknown
train_09026.jpeg,unknown
train_09027.jpeg,unknown
train_09028.jpeg,unknown
train_09029.jpeg,unknown
train_09030.jpeg,unknown
train_09031.jpeg,unknown
train_09032.jpeg,unknown
train_09033.jpeg,unknown
train_09034.jpeg,unknown
train_09035.jpeg,unknown
train_09036.jpeg,unknown
train_09037.jpeg,unknown
train_09038.jpeg,unknown
train_09039.jpeg,unknown
train_09040.jpeg,unknown
train_09041.jpeg,unknown
train_09042.jpeg,unknown
train_09043.jpeg,unknown
train_09044.jpeg,unknown
train_09045.jpeg,unknown
train_09046.jpeg,unknown
train_09047.jpeg,unknown
train_09048.jpeg,unknown
train_09049.jpeg,unknown
train_09050.jpeg,unknown
train_09051.jpeg,unknown
train_09052.jpeg,unknown
train_09053.jpeg,unknown
train_09054.jpeg,unknown
train_09055.jpeg,unknown
train_09056.jpeg,unknown
train_09057.jpeg,unknown
train_09058.jpeg,unknown
train_09059.jpeg,unknown
train_09060.jpeg,unknown
train_09061.jpeg,unknown
train_09062.jpeg,unknown
train_09063.jpeg,unknown
train_09064.jpeg,unknown
train_09065.jpeg,unknown
train_09066.jpeg,unknown
train_09067.jpeg,unknown
train_09068.jpeg,unknown
train_09069.jpeg,unknown
train_09070.jpeg,unknown
train_09071.jpeg,unknown
train_09072.jpeg,unknown
train_09073.jpeg,unknown
train_09074.jpeg,unknown
train_09075.jpeg,unknown
train_09076.jpeg,unknown
train_09077.jpeg,unknown
train_09078.jpeg,unknown
train_09079.jpeg,unknown
train_09080.jpeg,unknown
train_09081.jpeg,unknown
train_09082.jpeg,unknown
train_09083.jpeg,unknown
train_09084.jpeg,unknown
train_09085.jpeg,unknown
train_09086.jpeg,unknown
train_09087.jpeg,unknown
train_09088.jpeg,unknown
train_09089.jpeg,unknown
train_09090.jpeg,unknown
train_09091.jpeg,unknown
train_09092.jpeg,unknown
train_09093.jpeg,unknown
train_09094.jpeg,unknown
train_09095.jpeg,unknown
train_09096.jpeg,unknown
train_09097.jpeg,unknown
train_09098.jpeg,unknown
train_09099.jpeg,unknown
train_09100.jpeg,unknown
train_09101.jpeg,unknown
train_09102.jpeg,unknown
train_09103.jpeg,unknown
train_09104.jpeg,unknown
train_09105.jpeg,unknown
train_09106.jpeg,unknown
train_09107.jpeg,unknown
train_09108.jpeg,unknown
train_09109.jpeg,unknown
train_09110.jpeg,unknown
train_09111.jpeg,unknown
train_09112.jpeg,unknown
train_09113.jpeg,unknown
train_09114.jpeg,unknown
train_09115.jpeg,unknown
train_09116.jpeg,unknown
train_09117.jpeg,unknown
train_09118.jpeg,unknown
train_09119.jpeg,unknown
train_09120.jpeg,unknown
train_09121.jpeg,unknown
train_09122.jpeg,unknown
train_09123.jpeg,unknown
train_09124.jpeg,unknown
train_09125.jpeg,unknown
train_09126.jpeg,unknown
train_09127.jpeg,unknown
train_09128.jpeg,unknown
train_09129.jpeg,unknown
train_09130.jpeg,unknown
train_09131.jpeg,unknown
train_09132.jpeg,unknown
train_09133.jpeg,unknown
train_09134.jpeg,unknown
train_09135.jpeg,unknown
train_09136.jpeg,unknown
train_09137.jpeg,unknown
train_09138.jpeg,unknown
train_09139.jpeg,unknown
train_09140.jpeg,unknown
train_09141.jpeg,unknown
train_09142.jpeg,unknown
train_09143.jpeg,unknown
train_09144.jpeg,unknown
train_09145.jpeg,unknown
train_09146.jpeg,unknown
train_09147.jpeg,unknown
train_09148.jpeg,unknown
train_09149.jpeg,unknown
train_09150.jpeg,unknown
train_09151.jpeg,unknown
train_09152.jpeg,unknown
train_09153.jpeg,unknown
train_09154.jpeg,unknown
train_09155.jpeg,unknown
train_09156.jpeg,unknown
train_09157.jpeg,unknown
train_09158.jpeg,unknown
train_09159.jpeg,unknown
train_09160.jpeg,unknown
train_09161.jpeg,unknown
train_09162.jpeg,unknown
train_09163.jpeg,unknown
train_09164.jpeg,unknown
train_09165.jpeg,unknown
train_09166.jpeg,unknown
train_09167.jpeg,unknown
train_09168.jpeg,unknown
train_09169.jpeg,unknown
train_09170.jpeg,unknown
train_09171.jpeg,unknown
train_09172.jpeg,unknown
train_09173.jpeg,unknown
train_09174.jpeg,unknown
train_09175.jpeg,unknown
train_09176.jpeg,unknown
train_09177.jpeg,unknown
train_09178.jpeg,unknown
train_09179.jpeg,unknown
train_09180.jpeg,unknown
train_09181.jpeg,unknown
train_09182.jpeg,unknown
train_09183.jpeg,unknown
train_09184.jpeg,unknown
train_09185.jpeg,unknown
train_09186.jpeg,unknown
train_09187.jpeg,unknown
train_09188.jpeg,unknown
train_09189.jpeg,unknown
train_09190.jpeg,unknown
train_09191.jpeg,unknown
train_09192.jpeg,unknown
train_09193.jpeg,unknown
train_09194.jpeg,unknown
train_09195.jpeg,unknown
train_09196.jpeg,unknown
train_09197.jpeg,unknown
train_09198.jpeg,unknown
train_09199.jpeg,unknown
train_09200.jpeg,unknown
train_09201.jpeg,unknown
train_09202.jpeg,unknown
train_09203.jpeg,unknown
train_09204.jpeg,unknown
train_09205.jpeg,unknown
train_09206.jpeg,unknown
train_09207.jpeg,unknown
train_09208.jpeg,unknown
train_09209.jpeg,unknown
train_09210.jpeg,unknown
train_09211.jpeg,unknown
train_09212.jpeg,unknown
train_09213.jpeg,unknown
train_09214.jpeg,unknown
train_09215.jpeg,unknown
train_09216.jpeg,unknown
train_09217.jpeg,unknown
train_09218.jpeg,unknown
train_09219.jpeg,unknown
train_09220.jpeg,unknown
train_09221.jpeg,unknown
train_09222.jpeg,unknown
train_09223.jpeg,unknown
train_09224.jpeg,unknown
train_09225.jpeg,unknown
train_09226.jpeg,unknown
train_09227.jpeg,unknown
train_09228.jpeg,unknown
train_09229.jpeg,unknown
train_09230.jpeg,unknown
train_09231.jpeg,unknown
train_09232.jpeg,unknown
train_09233.jpeg,unknown
train_09234.jpeg,unknown
train_09235.jpeg,unknown
train_09236.jpeg,unknown
train_09237.jpeg,unknown
train_09238.jpeg,unknown
train_09239.jpeg,unknown
train_09240.jpeg,unknown
train_09241.jpeg,unknown
train_09242.jpeg,unknown
train_09243.jpeg,unknown
train_09244.jpeg,unknown
train_09245.jpeg,unknown
train_09246.jpeg,unknown
train_09247.jpeg,unknown
train_09248.jpeg,unknown
train_09249.jpeg,unknown
train_09250.jpeg,unknown
train_09251.jpeg,unknown
train_09252.jpeg,unknown
train_09253.jpeg,unknown
train_09254.jpeg,unknown
train_09255.jpeg,unknown
train_09256.jpeg,unknown
train_09257.jpeg,unknown
train_09258.jpeg,unknown
train_09259.jpeg,unknown
train_09260.jpeg,unknown
train_09261.jpeg,unknown
train_09262.jpeg,unknown
train_09263.jpeg,unknown
train_09264.jpeg,unknown
train_09265.jpeg,unknown
train_09266.jpeg,unknown
train_09267.jpeg,unknown
train_09268.jpeg,unknown
train_09269.jpeg,unknown
train_09270.jpeg,unknown
train_09271.jpeg,unknown
train_09272.jpeg,unknown
train_09273.jpeg,unknown
train_09274.jpeg,unknown
train_09275.jpeg,unknown
train_09276.jpeg,unknown
train_09277.jpeg,unknown
train_09278.jpeg,unknown
train_09279.jpeg,unknown
train_09280.jpeg,unknown
train_09281.jpeg,unknown
train_09282.jpeg,unknown
train_09283.jpeg,unknown
train_09284.jpeg,unknown
train_09285.jpeg,unknown
train_09286.jpeg,unknown
train_09287.jpeg,unknown
train_09288.jpeg,unknown
train_09289.jpeg,unknown
train_09290.jpeg,unknown
train_09291.jpeg,unknown
train_09292.jpeg,unknown
train_09293.jpeg,unknown
train_09294.jpeg,unknown
train_09295.jpeg,unknown
train_09296.jpeg,unknown
train_09297.jpeg,unknown
train_09298.jpeg,unknown
train_09299.jpeg,unknown
train_09300.jpeg,unknown
train_09301.jpeg,unknown
train_09302.jpeg,unknown
train_09303.jpeg,unknown
train_09304.jpeg,unknown
train_09305.jpeg,unknown
train_09306.jpeg,unknown
train_09307.jpeg,unknown
train_09308.jpeg,unknown
train_09309.jpeg,unknown
train_09310.jpeg,unknown
train_09311.jpeg,unknown
train_09312.jpeg,unknown
train_09313.jpeg,unknown
train_09314.jpeg,unknown
train_09315.jpeg,unknown
train_09316.jpeg,unknown
train_09317.jpeg,unknown
train_09318.jpeg,unknown
train_09319.jpeg,unknown
train_09320.jpeg,unknown
train_09321.jpeg,unknown
train_09322.jpeg,unknown
train_09323.jpeg,unknown
train_09324.jpeg,unknown
train_09325.jpeg,unknown
train_09326.jpeg,unknown
train_09327.jpeg,unknown
train_09328.jpeg,unknown
train_09329.jpeg,unknown
train_09330.jpeg,unknown
train_09331.jpeg,unknown
train_09332.jpeg,unknown
train_09333.jpeg,unknown
train_09334.jpeg,unknown
train_09335.jpeg,unknown
train_09336.jpeg,unknown
train_09337.jpeg,unknown
train_09338.jpeg,unknown
train_09339.jpeg,unknown
train_09340.jpeg,unknown
train_09341.jpeg,unknown
train_09342.jpeg,unknown
train_09343.jpeg,unknown
train_09344.jpeg,unknown
train_09345.jpeg,unknown
train_09346.jpeg,unknown
train_09347.jpeg,unknown
train_09348.jpeg,unknown
train_09349.jpeg,unknown
train_09350.jpeg,unknown
train_09351.jpeg,unknown
train_09352.jpeg,unknown
train_09353.jpeg,unknown
train_09354.jpeg,unknown
train_09355.jpeg,unknown
train_09356.jpeg,unknown
train_09357.jpeg,unknown
train_09358.jpeg,unknown
train_09359.jpeg,unknown
train_09360.jpeg,unknown
train_09361.jpeg,unknown
train_09362.jpeg,unknown
train_09363.jpeg,unknown
train_09364.jpeg,unknown
train_09365.jpeg,unknown
train_09366.jpeg,unknown
train_09367.jpeg,unknown
train_09368.jpeg,unknown
train_09369.jpeg,unknown
train_09370.jpeg,unknown
train_09371.jpeg,unknown
train_09372.jpeg,unknown
train_09373.jpeg,unknown
train_09374.jpeg,unknown
train_09375.jpeg,unknown
train_09376.jpeg,unknown
train_09377.jpeg,unknown
train_09378.jpeg,unknown
train_09379.jpeg,unknown
train_09380.jpeg,unknown
train_09381.jpeg,unknown
train_09382.jpeg,unknown
train_09383.jpeg,unknown
train_09384.jpeg,unknown
train_09385.jpeg,unknown
train_09386.jpeg,unknown
train_09387.jpeg,unknown
train_09388.jpeg,unknown
train_09389.jpeg,unknown
train_09390.jpeg,unknown
train_09391.jpeg,unknown
train_09392.jpeg,unknown
train_09393.jpeg,unknown
train_09394.jpeg,unknown
train_09395.jpeg,unknown
train_09396.jpeg,unknown
train_09397.jpeg,unknown
train_09398.jpeg,unknown
train_09399.jpeg,unknown
train_09400.jpeg,unknown
train_09401.jpeg,unknown
train_09402.jpeg,unknown
train_09403.jpeg,unknown
train_09404.jpeg,unknown
train_09405.jpeg,unknown
train_09406.jpeg,unknown
train_09407.jpeg,unknown
train_09408.jpeg,unknown
train_09409.jpeg,unknown
train_09410.jpeg,unknown
train_09411.jpeg,unknown
train_09412.jpeg,unknown
train_09413.jpeg,unknown
train_09414.jpeg,unknown
train_09415.jpeg,unknown
train_09416.jpeg,unknown
train_09417.jpeg,unknown
train_09418.jpeg,unknown
train_09419.jpeg,unknown
train_09420.jpeg,unknown
train_09421.jpeg,unknown
train_09422.jpeg,unknown
train_09423.jpeg,unknown
train_09424.jpeg,unknown
train_09425.jpeg,unknown
train_09426.jpeg,unknown
train_09427.jpeg,unknown
train_09428.jpeg,unknown
train_09429.jpeg,unknown
train_09430.jpeg,unknown
train_09431.jpeg,unknown
train_09432.jpeg,unknown
train_09433.jpeg,unknown
train_09434.jpeg,unknown
train_09435.jpeg,unknown
train_09436.jpeg,unknown
train_09437.jpeg,unknown
train_09438.jpeg,unknown
train_09439.jpeg,unknown
train_09440.jpeg,unknown
train_09441.jpeg,unknown
train_09442.jpeg,unknown
train_09443.jpeg,unknown
train_09444.jpeg,unknown
train_09445.jpeg,unknown
train_09446.jpeg,unknown
train_09447.jpeg,unknown
train_09448.jpeg,unknown
train_09449.jpeg,unknown
train_09450.jpeg,unknown
train_09451.jpeg,unknown
train_09452.jpeg,unknown
train_09453.jpeg,unknown
train_09454.jpeg,unknown
train_09455.jpeg,unknown
train_09456.jpeg,unknown
train_09457.jpeg,unknown
train_09458.jpeg,unknown
train_09459.jpeg,unknown
train_09460.jpeg,unknown
train_09461.jpeg,unknown
train_09462.jpeg,unknown
train_09463.jpeg,unknown
train_09464.jpeg,unknown
train_09465.jpeg,unknown
train_09466.jpeg,unknown
train_09467.jpeg,unknown
train_09468.jpeg,unknown
train_09469.jpeg,unknown
train_09470.jpeg,unknown
train_09471.jpeg,unknown
train_09472.jpeg,unknown
train_09473.jpeg,unknown
train_09474.jpeg,unknown
train_09475.jpeg,unknown
train_09476.jpeg,unknown
train_09477.jpeg,unknown
train_09478.jpeg,unknown
train_09479.jpeg,unknown
train_09480.jpeg,unknown
train_09481.jpeg,unknown
train_09482.jpeg,unknown
train_09483.jpeg,unknown
train_09484.jpeg,unknown
train_09485.jpeg,unknown
train_09486.jpeg,unknown
train_09487.jpeg,unknown
train_09488.jpeg,unknown
train_09489.jpeg,unknown
train_09490.jpeg,unknown
train_09491.jpeg,unknown
train_09492.jpeg,unknown
train_09493.jpeg,unknown
train_09494.jpeg,unknown
train_09495.jpeg,unknown
train_09496.jpeg,unknown
train_09497.jpeg,unknown
train_09498.jpeg,unknown
train_09499.jpeg,unknown
train_09500.jpeg,unknown
train_09501.jpeg,unknown
train_09502.jpeg,unknown
train_09503.jpeg,unknown
train_09504.jpeg,unknown
train_09505.jpeg,unknown
train_09506.jpeg,unknown
train_09507.jpeg,unknown
train_09508.jpeg,unknown
train_09509.jpeg,unknown
train_09510.jpeg,unknown
train_09511.jpeg,unknown
train_09512.jpeg,unknown
train_09513.jpeg,unknown
train_09514.jpeg,unknown
train_09515.jpeg,unknown
train_09516.jpeg,unknown
train_09517.jpeg,unknown
train_09518.jpeg,unknown
train_09519.jpeg,unknown
train_09520.jpeg,unknown
train_09521.jpeg,unknown
train_09522.jpeg,unknown
train_09523.jpeg,unknown
train_09524.jpeg,unknown
train_09525.jpeg,unknown
train_09526.jpeg,unknown
train_09527.jpeg,unknown
train_09528.jpeg,unknown
train_09529.jpeg,unknown
train_09530.jpeg,unknown
train_09531.jpeg,unknown
train_09532.jpeg,unknown
train_09533.jpeg,unknown
train_09534.jpeg,unknown
train_09535.jpeg,unknown
train_09536.jpeg,unknown
train_09537.jpeg,unknown
train_09538.jpeg,unknown
train_09539.jpeg,unknown
train_09540.jpeg,unknown
train_09541.jpeg,unknown
train_09542.jpeg,unknown
train_09543.jpeg,unknown
train_09544.jpeg,unknown
train_09545.jpeg,unknown
train_09546.jpeg,unknown
train_09547.jpeg,unknown
train_09548.jpeg,unknown
train_09549.jpeg,unknown
train_09550.jpeg,unknown
train_09551.jpeg,unknown
train_09552.jpeg,unknown
train_09553.jpeg,unknown
train_09554.jpeg,unknown
train_09555.jpeg,unknown
train_09556.jpeg,unknown
train_09557.jpeg,unknown
train_09558.jpeg,unknown
train_09559.jpeg,unknown
train_09560.jpeg,unknown
train_09561.jpeg,unknown
train_09562.jpeg,unknown
train_09563.jpeg,unknown
train_09564.jpeg,unknown
train_09565.jpeg,unknown
train_09566.jpeg,unknown
train_09567.jpeg,unknown
train_09568.jpeg,unknown
train_09569.jpeg,unknown
train_09570.jpeg,unknown
train_09571.jpeg,unknown
train_09572.jpeg,unknown
train_09573.jpeg,unknown
train_09574.jpeg,unknown
train_09575.jpeg,unknown
train_09576.jpeg,unknown
train_09577.jpeg,unknown
train_09578.jpeg,unknown
train_09579.jpeg,unknown
train_09580.jpeg,unknown
train_09581.jpeg,unknown
train_09582.jpeg,unknown
train_09583.jpeg,unknown
train_09584.jpeg,unknown
train_09585.jpeg,unknown
train_09586.jpeg,unknown
train_09587.jpeg,unknown
train_09588.jpeg,unknown
train_09589.jpeg,unknown
train_09590.jpeg,unknown
train_09591.jpeg,unknown
train_09592.jpeg,unknown
train_09593.jpeg,unknown
train_09594.jpeg,unknown
train_09595.jpeg,unknown
train_09596.jpeg,unknown
train_09597.jpeg,unknown
train_09598.jpeg,unknown
train_09599.jpeg,unknown
train_09600.jpeg,unknown
train_09601.jpeg,unknown
train_09602.jpeg,unknown
train_09603.jpeg,unknown
train_09604.jpeg,unknown
train_09605.jpeg,unknown
train_09606.jpeg,unknown
train_09607.jpeg,unknown
train_09608.jpeg,unknown
train_09609.jpeg,unknown
train_09610.jpeg,unknown
train_09611.jpeg,unknown
train_09612.jpeg,unknown
train_09613.jpeg,unknown
train_09614.jpeg,unknown
train_09615.jpeg,unknown
train_09616.jpeg,unknown
train_09617.jpeg,unknown
train_09618.jpeg,unknown
train_09619.jpeg,unknown
train_09620.jpeg,unknown
train_09621.jpeg,unknown
train_09622.jpeg,unknown
train_09623.jpeg,unknown
train_09624.jpeg,unknown
train_09625.jpeg,unknown
train_09626.jpeg,unknown
train_09627.jpeg,unknown
train_09628.jpeg,unknown
train_09629.jpeg,unknown
train_09630.jpeg,unknown
train_09631.jpeg,unknown
train_09632.jpeg,unknown
train_09633.jpeg,unknown
train_09634.jpeg,unknown
train_09635.jpeg,unknown
train_09636.jpeg,unknown
train_09637.jpeg,unknown
train_09638.jpeg,unknown
train_09639.jpeg,unknown
train_09640.jpeg,unknown
train_09641.jpeg,unknown
train_09642.jpeg,unknown
train_09643.jpeg,unknown
train_09644.jpeg,unknown
train_09645.jpeg,unknown
train_09646.jpeg,unknown
train_09647.jpeg,unknown
train_09648.jpeg,unknown
train_09649.jpeg,unknown
train_09650.jpeg,unknown
train_09651.jpeg,unknown
train_09652.jpeg,unknown
train_09653.jpeg,unknown
train_09654.jpeg,unknown
train_09655.jpeg,unknown
train_09656.jpeg,unknown
train_09657.jpeg,unknown
train_09658.jpeg,unknown
train_09659.jpeg,unknown
train_09660.jpeg,unknown
train_09661.jpeg,unknown
train_09662.jpeg,unknown
train_09663.jpeg,unknown
train_09664.jpeg,unknown
train_09665.jpeg,unknown
train_09666.jpeg,unknown
train_09667.jpeg,unknown
train_09668.jpeg,unknown
train_09669.jpeg,unknown
train_09670.jpeg,unknown
train_09671.jpeg,unknown
train_09672.jpeg,unknown
train_09673.jpeg,unknown
train_09674.jpeg,unknown
train_09675.jpeg,unknown
train_09676.jpeg,unknown
train_09677.jpeg,unknown
train_09678.jpeg,unknown
train_09679.jpeg,unknown
train_09680.jpeg,unknown
train_09681.jpeg,unknown
train_09682.jpeg,unknown
train_09683.jpeg,unknown
train_09684.jpeg,unknown
train_09685.jpeg,unknown
train_09686.jpeg,unknown
train_09687.jpeg,unknown
train_09688.jpeg,unknown
train_09689.jpeg,unknown
train_09690.jpeg,unknown
train_09691.jpeg,unknown
train_09692.jpeg,unknown
train_09693.jpeg,unknown
train_09694.jpeg,unknown
train_09695.jpeg,unknown
train_09696.jpeg,unknown
train_09697.jpeg,unknown
train_09698.jpeg,unknown
train_09699.jpeg,unknown
train_09700.jpeg,unknown
train_09701.jpeg,unknown
train_09702.jpeg,unknown
train_09703.jpeg,unknown
train_09704.jpeg,unknown
train_09705.jpeg,unknown
train_09706.jpeg,unknown
train_09707.jpeg,unknown
train_09708.jpeg,unknown
train_09709.jpeg,unknown
train_09710.jpeg,unknown
train_09711.jpeg,unknown
train_09712.jpeg,unknown
train_09713.jpeg,unknown
train_09714.jpeg,unknown
train_09715.jpeg,unknown
train_09716.jpeg,unknown
train_09717.jpeg,unknown
train_09718.jpeg,unknown
train_09719.jpeg,unknown
train_09720.jpeg,unknown
train_09721.jpeg,unknown
train_09722.jpeg,unknown
train_09723.jpeg,unknown
train_09724.jpeg,unknown
train_09725.jpeg,unknown
train_09726.jpeg,unknown
train_09727.jpeg,unknown
train_09728.jpeg,unknown
train_09729.jpeg,unknown
train_09730.jpeg,unknown
train_09731.jpeg,unknown
train_09732.jpeg,unknown
train_09733.jpeg,unknown
train_09734.jpeg,unknown
train_09735.jpeg,unknown
train_09736.jpeg,unknown
train_09737.jpeg,unknown
train_09738.jpeg,unknown
train_09739.jpeg,unknown
train_09740.jpeg,unknown
train_09741.jpeg,unknown
train_09742.jpeg,unknown
train_09743.jpeg,unknown
train_09744.jpeg,unknown
train_09745.jpeg,unknown
train_09746.jpeg,unknown
train_09747.jpeg,unknown
train_09748.jpeg,unknown
train_09749.jpeg,unknown
train_09750.jpeg,unknown
train_09751.jpeg,unknown
train_09752.jpeg,unknown
train_09753.jpeg,unknown
train_09754.jpeg,unknown
train_09755.jpeg,unknown
train_09756.jpeg,unknown
train_09757.jpeg,unknown
train_09758.jpeg,unknown
train_09759.jpeg,unknown
train_09760.jpeg,unknown
train_09761.jpeg,unknown
train_09762.jpeg,unknown
train_09763.jpeg,unknown
train_09764.jpeg,unknown
train_09765.jpeg,unknown
train_09766.jpeg,unknown
train_09767.jpeg,unknown
train_09768.jpeg,unknown
train_09769.jpeg,unknown
train_09770.jpeg,unknown
train_09771.jpeg,unknown
train_09772.jpeg,unknown
train_09773.jpeg,unknown
train_09774.jpeg,unknown
train_09775.jpeg,unknown
train_09776.jpeg,unknown
train_09777.jpeg,unknown
train_09778.jpeg,unknown
train_09779.jpeg,unknown
train_09780.jpeg,unknown
train_09781.jpeg,unknown
train_09782.jpeg,unknown
train_09783.jpeg,unknown
train_09784.jpeg,unknown
train_09785.jpeg,unknown
train_09786.jpeg,unknown
train_09787.jpeg,unknown
train_09788.jpeg,unknown
train_09789.jpeg,unknown
train_09790.jpeg,unknown
train_09791.jpeg,unknown
train_09792.jpeg,unknown
train_09793.jpeg,unknown
train_09794.jpeg,unknown
train_09795.jpeg,unknown
train_09796.jpeg,unknown
train_09797.jpeg,unknown
train_09798.jpeg,unknown
train_09799.jpeg,unknown
train_09800.jpeg,unknown
train_09801.jpeg,unknown
train_09802.jpeg,unknown
train_09803.jpeg,unknown
train_09804.jpeg,unknown
train_09805.jpeg,unknown
train_09806.jpeg,unknown
train_09807.jpeg,unknown
train_09808.jpeg,unknown
train_09809.jpeg,unknown
train_09810.jpeg,unknown
train_09811.jpeg,unknown
train_09812.jpeg,unknown
train_09813.jpeg,unknown
train_09814.jpeg,unknown
train_09815.jpeg,unknown
train_09816.jpeg,unknown
train_09817.jpeg,unknown
train_09818.jpeg,unknown
train_09819.jpeg,unknown
train_09820.jpeg,unknown
train_09821.jpeg,unknown
train_09822.jpeg,unknown
train_09823.jpeg,unknown
train_09824.jpeg,unknown
train_09825.jpeg,unknown
train_09826.jpeg,unknown
train_09827.jpeg,unknown
train_09828.jpeg,unknown
train_09829.jpeg,unknown
train_09830.jpeg,unknown
train_09831.jpeg,unknown
train_09832.jpeg,unknown
train_09833.jpeg,unknown
train_09834.jpeg,unknown
train_09835.jpeg,unknown
train_09836.jpeg,unknown
train_09837.jpeg,unknown
train_09838.jpeg,unknown
train_09839.jpeg,unknown
train_09840.jpeg,unknown
train_09841.jpeg,unknown
train_09842.jpeg,unknown
train_09843.jpeg,unknown
train_09844.jpeg,unknown
train_09845.jpeg,unknown
train_09846.jpeg,unknown
train_09847.jpeg,unknown
train_09848.jpeg,unknown
train_09849.jpeg,unknown
train_09850.jpeg,unknown
train_09851.jpeg,unknown
train_09852.jpeg,unknown
train_09853.jpeg,unknown
train_09854.jpeg,unknown
train_09855.jpeg,unknown
train_09856.jpeg,unknown
train_09857.jpeg,unknown
train_09858.jpeg,unknown
train_09859.jpeg,unknown
train_09860.jpeg,unknown
train_09861.jpeg,unknown
train_09862.jpeg,unknown
train_09863.jpeg,unknown
train_09864.jpeg,unknown
train_09865.jpeg,unknown
train_09866.jpeg,unknown
train_09867.jpeg,unknown
train_09868.jpeg,unknown
train_09869.jpeg,unknown
train_09870.jpeg,unknown
train_09871.jpeg,unknown
train_09872.jpeg,unknown
train_09873.jpeg,unknown
train_09874.jpeg,unknown
train_09875.jpeg,unknown
train_09876.jpeg,unknown
train_09877.jpeg,unknown
train_09878.jpeg,unknown
train_09879.jpeg,unknown
train_09880.jpeg,unknown
train_09881.jpeg,unknown
train_09882.jpeg,unknown
train_09883.jpeg,unknown
train_09884.jpeg,unknown
train_09885.jpeg,unknown
train_09886.jpeg,unknown
train_09887.jpeg,unknown
train_09888.jpeg,unknown
train_09889.jpeg,unknown
train_09890.jpeg,unknown
train_09891.jpeg,unknown
train_09892.jpeg,unknown
train_09893.jpeg,unknown
train_09894.jpeg,unknown
train_09895.jpeg,unknown
train_09896.jpeg,unknown
train_09897.jpeg,unknown
train_09898.jpeg,unknown
train_09899.jpeg,unknown
train_09900.jpeg,unknown
train_09901.jpeg,unknown
train_09902.jpeg,unknown
train_09903.jpeg,unknown
train_09904.jpeg,unknown
train_09905.jpeg,unknown
train_09906.jpeg,unknown
train_09907.jpeg,unknown
train_09908.jpeg,unknown
train_09909.jpeg,unknown
train_09910.jpeg,unknown
train_09911.jpeg,unknown
train_09912.jpeg,unknown
train_09913.jpeg,unknown
train_09914.jpeg,unknown
train_09915.jpeg,unknown
train_09916.jpeg,unknown
train_09917.jpeg,unknown
train_09918.jpeg,unknown
train_09919.jpeg,unknown
train_09920.jpeg,unknown
train_09921.jpeg,unknown
train_09922.jpeg,unknown
train_09923.jpeg,unknown
train_09924.jpeg,unknown
train_09925.jpeg,unknown
train_09926.jpeg,unknown
train_09927.jpeg,unknown
train_09928.jpeg,unknown
train_09929.jpeg,unknown
train_09930.jpeg,unknown
train_09931.jpeg,unknown
train_09932.jpeg,unknown
train_09933.jpeg,unknown
train_09934.jpeg,unknown
train_09935.jpeg,unknown
train_09936.jpeg,unknown
train_09937.jpeg,unknown
train_09938.jpeg,unknown
train_09939.jpeg,unknown
train_09940.jpeg,unknown
train_09941.jpeg,unknown
train_09942.jpeg,unknown
train_09943.jpeg,unknown
train_09944.jpeg,unknown
train_09945.jpeg,unknown
train_09946.jpeg,unknown
train_09947.jpeg,unknown
train_09948.jpeg,unknown
train_09949.jpeg,unknown
train_09950.jpeg,unknown
train_09951.jpeg,unknown
train_09952.jpeg,unknown
train_09953.jpeg,unknown
train_09954.jpeg,unknown
train_09955.jpeg,unknown
train_09956.jpeg,unknown
train_09957.jpeg,unknown
train_09958.jpeg,unknown
train_09959.jpeg,unknown
train_09960.jpeg,unknown
train_09961.jpeg,unknown
train_09962.jpeg,unknown
train_09963.jpeg,unknown
train_09964.jpeg,unknown
train_09965.jpeg,unknown
train_09966.jpeg,unknown
train_09967.jpeg,unknown
train_09968.jpeg,unknown
train_09969.jpeg,unknown
train_09970.jpeg,unknown
train_09971.jpeg,unknown
train_09972.jpeg,unknown
train_09973.jpeg,unknown
train_09974.jpeg,unknown
train_09975.jpeg,unknown
train_09976.jpeg,unknown
train_09977.jpeg,unknown
train_09978.jpeg,unknown
train_09979.jpeg,unknown
train_09980.jpeg,unknown
train_09981.jpeg,unknown
train_09982.jpeg,unknown
train_09983.jpeg,unknown
train_09984.jpeg,unknown
train_09985.jpeg,unknown
train_09986.jpeg,unknown
train_09987.jpeg,unknown
train_09988.jpeg,unknown
train_09989.jpeg,unknown
train_09990.jpeg,unknown
train_09991.jpeg,unknown
train_09992.jpeg,unknown
train_09993.jpeg,unknown
train_09994.jpeg,unknown
train_09995.jpeg,unknown
train_09996.jpeg,unknown
train_09997.jpeg,unknown
train_09998.jpeg,unknown
train_09999.jpeg,unknown
train_10000.jpeg,unknown
train_10001.jpeg,unknown
train_10002.jpeg,unknown
train_10003.jpeg,unknown
train_10004.jpeg,unknown
train_10005.jpeg,unknown
train_10006.jpeg,unknown
train_10007.jpeg,unknown
train_10008.jpeg,unknown
train_10009.jpeg,unknown
train_10010.jpeg,unknown
train_10011.jpeg,unknown
train_10012.jpeg,unknown
train_10013.jpeg,unknown
train_10014.jpeg,unknown
train_10015.jpeg,unknown
train_10016.jpeg,unknown
train_10017.jpeg,unknown
train_10018.jpeg,unknown
train_10019.jpeg,unknown
train_10020.jpeg,unknown
train_10021.jpeg,unknown
train_10022.jpeg,unknown
train_10023.jpeg,unknown
train_10024.jpeg,unknown
train_10025.jpeg,unknown
train_10026.jpeg,unknown
train_10027.jpeg,unknown
train_10028.jpeg,unknown
train_10029.jpeg,unknown
train_10030.jpeg,unknown
train_10031.jpeg,unknown
train_10032.jpeg,unknown
train_10033.jpeg,unknown
train_10034.jpeg,unknown
train_10035.jpeg,unknown
train_10036.jpeg,unknown
train_10037.jpeg,unknown
train_10038.jpeg,unknown
train_10039.jpeg,unknown
train_10040.jpeg,unknown
train_10041.jpeg,unknown
train_10042.jpeg,unknown
train_10043.jpeg,unknown
train_10044.jpeg,unknown
train_10045.jpeg,unknown
train_10046.jpeg,unknown
train_10047.jpeg,unknown
train_10048.jpeg,unknown
train_10049.jpeg,unknown
train_10050.jpeg,unknown
train_10051.jpeg,unknown
train_10052.jpeg,unknown
train_10053.jpeg,unknown
train_10054.jpeg,unknown
train_10055.jpeg,unknown
train_10056.jpeg,unknown
train_10057.jpeg,unknown
train_10058.jpeg,unknown
train_10059.jpeg,unknown
train_10060.jpeg,unknown
train_10061.jpeg,unknown
train_10062.jpeg,unknown
train_10063.jpeg,unknown
train_10064.jpeg,unknown
train_10065.jpeg,unknown
train_10066.jpeg,unknown
train_10067.jpeg,unknown
train_10068.jpeg,unknown
train_10069.jpeg,unknown
train_10070.jpeg,unknown
train_10071.jpeg,unknown
train_10072.jpeg,unknown
train_10073.jpeg,unknown
train_10074.jpeg,unknown
train_10075.jpeg,unknown
train_10076.jpeg,unknown
train_10077.jpeg,unknown
train_10078.jpeg,unknown
train_10079.jpeg,unknown
train_10080.jpeg,unknown
train_10081.jpeg,unknown
train_10082.jpeg,unknown
train_10083.jpeg,unknown
train_10084.jpeg,unknown
train_10085.jpeg,unknown
train_10086.jpeg,unknown
train_10087.jpeg,unknown
train_10088.jpeg,unknown
train_10089.jpeg,unknown
train_10090.jpeg,unknown
train_10091.jpeg,unknown
train_10092.jpeg,unknown
train_10093.jpeg,unknown
train_10094.jpeg,unknown
train_10095.jpeg,unknown
train_10096.jpeg,unknown
train_10097.jpeg,unknown
train_10098.jpeg,unknown
train_10099.jpeg,unknown
train_10100.jpeg,unknown
train_10101.jpeg,unknown
train_10102.jpeg,unknown
train_10103.jpeg,unknown
train_10104.jpeg,unknown
train_10105.jpeg,unknown
train_10106.jpeg,unknown
train_10107.jpeg,unknown
train_10108.jpeg,unknown
train_10109.jpeg,unknown
train_10110.jpeg,unknown
train_10111.jpeg,unknown
train_10112.jpeg,unknown
train_10113.jpeg,unknown
train_10114.jpeg,unknown
train_10115.jpeg,unknown
train_10116.jpeg,unknown
train_10117.jpeg,unknown
train_10118.jpeg,unknown
train_10119.jpeg,unknown
train_10120.jpeg,unknown
train_10121.jpeg,unknown
train_10122.jpeg,unknown
train_10123.jpeg,unknown
train_10124.jpeg,unknown
train_10125.jpeg,unknown
train_10126.jpeg,unknown
train_10127.jpeg,unknown
train_10128.jpeg,unknown
train_10129.jpeg,unknown
train_10130.jpeg,unknown
train_10131.jpeg,unknown
train_10132.jpeg,unknown
train_10133.jpeg,unknown
train_10134.jpeg,unknown
train_10135.jpeg,unknown
train_10136.jpeg,unknown
train_10137.jpeg,unknown
train_10138.jpeg,unknown
train_10139.jpeg,unknown
train_10140.jpeg,unknown
train_10141.jpeg,unknown
train_10142.jpeg,unknown
train_10143.jpeg,unknown
train_10144.jpeg,unknown
train_10145.jpeg,unknown
train_10146.jpeg,unknown
train_10147.jpeg,unknown
train_10148.jpeg,unknown
train_10149.jpeg,unknown
train_10150.jpeg,unknown
train_10151.jpeg,unknown
train_10152.jpeg,unknown
train_10153.jpeg,unknown
train_10154.jpeg,unknown
train_10155.jpeg,unknown
train_10156.jpeg,unknown
train_10157.jpeg,unknown
train_10158.jpeg,unknown
train_10159.jpeg,unknown
train_10160.jpeg,unknown
train_10161.jpeg,unknown
train_10162.jpeg,unknown
train_10163.jpeg,unknown
train_10164.jpeg,unknown
train_10165.jpeg,unknown
train_10166.jpeg,unknown
train_10167.jpeg,unknown
train_10168.jpeg,unknown
train_10169.jpeg,unknown
train_10170.jpeg,unknown
train_10171.jpeg,unknown
train_10172.jpeg,unknown
train_10173.jpeg,unknown
train_10174.jpeg,unknown
train_10175.jpeg,unknown
train_10176.jpeg,unknown
train_10177.jpeg,unknown
train_10178.jpeg,unknown
train_10179.jpeg,unknown
train_10180.jpeg,unknown
train_10181.jpeg,unknown
train_10182.jpeg,unknown
train_10183.jpeg,unknown
train_10184.jpeg,unknown
train_10185.jpeg,unknown
train_10186.jpeg,unknown
train_10187.jpeg,unknown
train_10188.jpeg,unknown
train_10189.jpeg,unknown
train_10190.jpeg,unknown
train_10191.jpeg,unknown
train_10192.jpeg,unknown
train_10193.jpeg,unknown
train_10194.jpeg,unknown
train_10195.jpeg,unknown
train_10196.jpeg,unknown
train_10197.jpeg,unknown
train_10198.jpeg,unknown
train_10199.jpeg,unknown
train_10200.jpeg,unknown
train_10201.jpeg,unknown
train_10202.jpeg,unknown
train_10203.jpeg,unknown
train_10204.jpeg,unknown
train_10205.jpeg,unknown
train_10206.jpeg,unknown
train_10207.jpeg,unknown
train_10208.jpeg,unknown
train_10209.jpeg,unknown
train_10210.jpeg,unknown
train_10211.jpeg,unknown
train_10212.jpeg,unknown
train_10213.jpeg,unknown
train_10214.jpeg,unknown
train_10215.jpeg,unknown
train_10216.jpeg,unknown
train_10217.jpeg,unknown
train_10218.jpeg,unknown
train_10219.jpeg,unknown
train_10220.jpeg,unknown
train_10221.jpeg,unknown
train_10222.jpeg,unknown
train_10223.jpeg,unknown
train_10224.jpeg,unknown
train_10225.jpeg,unknown
train_10226.jpeg,unknown
train_10227.jpeg,unknown
train_10228.jpeg,unknown
train_10229.jpeg,unknown
train_10230.jpeg,unknown
train_10231.jpeg,unknown
train_10232.jpeg,unknown
train_10233.jpeg,unknown
train_10234.jpeg,unknown
train_10235.jpeg,unknown
train_10236.jpeg,unknown
train_10237.jpeg,unknown
train_10238.jpeg,unknown
train_10239.jpeg,unknown
train_10240.jpeg,unknown
train_10241.jpeg,unknown
train_10242.jpeg,unknown
train_10243.jpeg,unknown
train_10244.jpeg,unknown
train_10245.jpeg,unknown
train_10246.jpeg,unknown
train_10247.jpeg,unknown
train_10248.jpeg,unknown
train_10249.jpeg,unknown
train_10250.jpeg,unknown
train_10251.jpeg,unknown
train_10252.jpeg,unknown
train_10253.jpeg,unknown
train_10254.jpeg,unknown
train_10255.jpeg,unknown
train_10256.jpeg,unknown
train_10257.jpeg,unknown
train_10258.jpeg,unknown
train_10259.jpeg,unknown
train_10260.jpeg,unknown
train_10261.jpeg,unknown
train_10262.jpeg,unknown
train_10263.jpeg,unknown
train_10264.jpeg,unknown
train_10265.jpeg,unknown
train_10266.jpeg,unknown
train_10267.jpeg,unknown
train_10268.jpeg,unknown
train_10269.jpeg,unknown
train_10270.jpeg,unknown
train_10271.jpeg,unknown
train_10272.jpeg,unknown
train_10273.jpeg,unknown
train_10274.jpeg,unknown
train_10275.jpeg,unknown
train_10276.jpeg,unknown
train_10277.jpeg,unknown
train_10278.jpeg,unknown
train_10279.jpeg,unknown
train_10280.jpeg,unknown
train_10281.jpeg,unknown
train_10282.jpeg,unknown
train_10283.jpeg,unknown
train_10284.jpeg,unknown
train_10285.jpeg,unknown
train_10286.jpeg,unknown
train_10287.jpeg,unknown
train_10288.jpeg,unknown
train_10289.jpeg,unknown
train_10290.jpeg,unknown
train_10291.jpeg,unknown
train_10292.jpeg,unknown
train_10293.jpeg,unknown
train_10294.jpeg,unknown
train_10295.jpeg,unknown
train_10296.jpeg,unknown
train_10297.jpeg,unknown
train_10298.jpeg,unknown
train_10299.jpeg,unknown
train_10300.jpeg,unknown
train_10301.jpeg,unknown
train_10302.jpeg,unknown
train_10303.jpeg,unknown
train_10304.jpeg,unknown
train_10305.jpeg,unknown
train_10306.jpeg,unknown
train_10307.jpeg,unknown
train_10308.jpeg,unknown
train_10309.jpeg,unknown
train_10310.jpeg,unknown
train_10311.jpeg,unknown
train_10312.jpeg,unknown
train_10313.jpeg,unknown
train_10314.jpeg,unknown
train_10315.jpeg,unknown
train_10316.jpeg,unknown
train_10317.jpeg,unknown
train_10318.jpeg,unknown
train_10319.jpeg,unknown
train_10320.jpeg,unknown
train_10321.jpeg,unknown
train_10322.jpeg,unknown
train_10323.jpeg,unknown
train_10324.jpeg,unknown
train_10325.jpeg,unknown
train_10326.jpeg,unknown
train_10327.jpeg,unknown
train_10328.jpeg,unknown
train_10329.jpeg,unknown
train_10330.jpeg,unknown
train_10331.jpeg,unknown
train_10332.jpeg,unknown
train_10333.jpeg,unknown
train_10334.jpeg,unknown
train_10335.jpeg,unknown
train_10336.jpeg,unknown
train_10337.jpeg,unknown
train_10338.jpeg,unknown
train_10339.jpeg,unknown
train_10340.jpeg,unknown
train_10341.jpeg,unknown
train_10342.jpeg,unknown
train_10343.jpeg,unknown
train_10344.jpeg,unknown
train_10345.jpeg,unknown
train_10346.jpeg,unknown
train_10347.jpeg,unknown
train_10348.jpeg,unknown
train_10349.jpeg,unknown
train_10350.jpeg,unknown
train_10351.jpeg,unknown
train_10352.jpeg,unknown
train_10353.jpeg,unknown
train_10354.jpeg,unknown
train_10355.jpeg,unknown
train_10356.jpeg,unknown
